code,subBrand,product,specification,country,reason,sourceDisplay,docUrl,isSeries
5100080621,Guigoz,Guigoz AR/Gest/Optipro 800g,800g,France,Rappel de précaution : Présence potentielle de toxin (Céréulide),Rappel Conso (Gouvernement Français),resources/official_docs/FR_Rappel_Conso_20947.pdf,False
5100080661,S-26,NAN/S-26 MENA Range 400g,400g,Middle East (MENA),Precautionary verification: Quality concern related to raw material,Nestlé MENA Official Release,https://www.food.gov.uk/news-alerts/alert/fsa-prin-02-2026,False
5101080621,Guigoz,Guigoz AR/Gest/Optipro 800g,800g,France,Rappel de précaution : Présence potentielle de toxin (Céréulide),Rappel Conso (Gouvernement Français),resources/official_docs/FR_Rappel_Conso_20947.pdf,False
5101080661,S-26,NAN/S-26 MENA Range 400g,400g,Middle East (MENA),Precautionary verification: Quality concern related to raw material,Nestlé MENA Official Release,https://www.food.gov.uk/news-alerts/alert/fsa-prin-02-2026,False
5102080621,Nidal,Nidal Nidalgest 1 800g,800g,France,Rappel de précaution : Présence potentielle de toxin (Céréulide),Rappel Conso (Gouvernement Français),resources/official_docs/FR_Rappel_Conso_20947.pdf,False
5102080661,S-26,NAN/S-26 MENA Range 400g,400g,Middle East (MENA),Precautionary verification: Quality concern related to raw material,Nestlé MENA Official Release,https://www.food.gov.uk/news-alerts/alert/fsa-prin-02-2026,False
5103080621,Guigoz,Guigoz AR/Gest/Optipro 800g,800g,France,Rappel de précaution : Présence potentielle de toxin (Céréulide),Rappel Conso (Gouvernement Français),resources/official_docs/FR_Rappel_Conso_20947.pdf,False
5103080661,S-26,NAN/S-26 MENA Range 400g,400g,Middle East (MENA),Precautionary verification: Quality concern related to raw material,Nestlé MENA Official Release,https://www.food.gov.uk/news-alerts/alert/fsa-prin-02-2026,False
5104080621,Guigoz,Guigoz AR/Gest/Optipro 800g,800g,France,Rappel de précaution : Présence potentielle de toxin (Céréulide),Rappel Conso (Gouvernement Français),resources/official_docs/FR_Rappel_Conso_20947.pdf,False
5104080661,S-26,NAN/S-26 MENA Range 400g,400g,Middle East (MENA),Precautionary verification: Quality concern related to raw material,Nestlé MENA Official Release,https://www.food.gov.uk/news-alerts/alert/fsa-prin-02-2026,False
5105080621,Guigoz,Guigoz AR/Gest/Optipro 800g,800g,France,Rappel de précaution : Présence potentielle de toxin (Céréulide),Rappel Conso (Gouvernement Français),resources/official_docs/FR_Rappel_Conso_20947.pdf,False
5105080661,S-26,NAN/S-26 MENA Range 400g,400g,Middle East (MENA),Precautionary verification: Quality concern related to raw material,Nestlé MENA Official Release,https://www.food.gov.uk/news-alerts/alert/fsa-prin-02-2026,False
5106080621,Guigoz,Guigoz AR/Gest/Optipro 800g,800g,France,Rappel de précaution : Présence potentielle de toxin (Céréulide),Rappel Conso (Gouvernement Français),resources/official_docs/FR_Rappel_Conso_20947.pdf,False
5106080661,S-26,NAN/S-26 MENA Range 400g,400g,Middle East (MENA),Precautionary verification: Quality concern related to raw material,Nestlé MENA Official Release,https://www.food.gov.uk/news-alerts/alert/fsa-prin-02-2026,False
51070017Y2,Nestlé Nutrition,Alfamino Infant 400g,400g,Australia/New Zealand,Precautionary recall: Microbial contamination (Cereulide),Food Standards Australia New Zealand (FSANZ),https://www.food.gov.uk/news-alerts/alert/fsa-prin-02-2026,False
5107080621,Guigoz,Guigoz AR/Gest/Optipro 800g,800g,France,Rappel de précaution : Présence potentielle de toxin (Céréulide),Rappel Conso (Gouvernement Français),resources/official_docs/FR_Rappel_Conso_20947.pdf,False
5107080661,S-26,NAN/S-26 MENA Range 400g,400g,Middle East (MENA),Precautionary verification: Quality concern related to raw material,Nestlé MENA Official Release,https://www.food.gov.uk/news-alerts/alert/fsa-prin-02-2026,False
51080017Y1,Nestlé Nutrition,Alfamino Infant 400g,400g,Australia/New Zealand,Precautionary recall: Microbial contamination (Cereulide),Food Standards Australia New Zealand (FSANZ),https://www.food.gov.uk/news-alerts/alert/fsa-prin-02-2026,False
5108080621,Guigoz,Guigoz AR/Gest/Optipro 800g,800g,France,Rappel de précaution : Présence potentielle de toxin (Céréulide),Rappel Conso (Gouvernement Français),resources/official_docs/FR_Rappel_Conso_20947.pdf,False
5108080661,S-26,NAN/S-26 MENA Range 400g,400g,Middle East (MENA),Precautionary verification: Quality concern related to raw material,Nestlé MENA Official Release,https://www.food.gov.uk/news-alerts/alert/fsa-prin-02-2026,False
5109080621,Guigoz,Guigoz AR/Gest/Optipro 800g,800g,France,Rappel de précaution : Présence potentielle de toxin (Céréulide),Rappel Conso (Gouvernement Français),resources/official_docs/FR_Rappel_Conso_20947.pdf,False
5109080661,S-26,NAN/S-26 MENA Range 400g,400g,Middle East (MENA),Precautionary verification: Quality concern related to raw material,Nestlé MENA Official Release,https://www.food.gov.uk/news-alerts/alert/fsa-prin-02-2026,False
511000017Y,Nestlé Nutrition,Global Series Alert,800g,Global (Cross-region),International Precautionary Alert: Cereulide toxin risk,Global Health Authorities / Nestlé International,https://www.food.gov.uk/news-alerts/alert/fsa-prin-02-2026,True
5110080621,Guigoz,Guigoz AR/Gest/Optipro 800g,800g,France,Rappel de précaution : Présence potentielle de toxin (Céréulide),Rappel Conso (Gouvernement Français),resources/official_docs/FR_Rappel_Conso_20947.pdf,False
5110080661,S-26,NAN/S-26 MENA Range 400g,400g,Middle East (MENA),Precautionary verification: Quality concern related to raw material,Nestlé MENA Official Release,https://www.food.gov.uk/news-alerts/alert/fsa-prin-02-2026,False
511010017Y,Nestlé Nutrition,Global Series Alert,800g,Global (Cross-region),International Precautionary Alert: Cereulide toxin risk,Global Health Authorities / Nestlé International,https://www.food.gov.uk/news-alerts/alert/fsa-prin-02-2026,True
511020017Y,Nestlé Nutrition,Global Series Alert,800g,Global (Cross-region),International Precautionary Alert: Cereulide toxin risk,Global Health Authorities / Nestlé International,https://www.food.gov.uk/news-alerts/alert/fsa-prin-02-2026,True
511030017Y,Nestlé Nutrition,Global Series Alert,800g,Global (Cross-region),International Precautionary Alert: Cereulide toxin risk,Global Health Authorities / Nestlé International,https://www.food.gov.uk/news-alerts/alert/fsa-prin-02-2026,True
511040017Y,Nestlé Nutrition,Global Series Alert,800g,Global (Cross-region),International Precautionary Alert: Cereulide toxin risk,Global Health Authorities / Nestlé International,https://www.food.gov.uk/news-alerts/alert/fsa-prin-02-2026,True
511050017Y,Nestlé Nutrition,Global Series Alert,800g,Global (Cross-region),International Precautionary Alert: Cereulide toxin risk,Global Health Authorities / Nestlé International,https://www.food.gov.uk/news-alerts/alert/fsa-prin-02-2026,True
511060017Y,Nestlé Nutrition,Global Series Alert,800g,Global (Cross-region),International Precautionary Alert: Cereulide toxin risk,Global Health Authorities / Nestlé International,https://www.food.gov.uk/news-alerts/alert/fsa-prin-02-2026,True
511070017Y,Nestlé Nutrition,Global Series Alert,800g,Global (Cross-region),International Precautionary Alert: Cereulide toxin risk,Global Health Authorities / Nestlé International,https://www.food.gov.uk/news-alerts/alert/fsa-prin-02-2026,True
511080017Y,Nestlé Nutrition,Global Series Alert,800g,Global (Cross-region),International Precautionary Alert: Cereulide toxin risk,Global Health Authorities / Nestlé International,https://www.food.gov.uk/news-alerts/alert/fsa-prin-02-2026,True
511090017Y,Nestlé Nutrition,Global Series Alert,800g,Global (Cross-region),International Precautionary Alert: Cereulide toxin risk,Global Health Authorities / Nestlé International,https://www.food.gov.uk/news-alerts/alert/fsa-prin-02-2026,True
511100017Y,Nestlé Nutrition,Global Series Alert,800g,Global (Cross-region),International Precautionary Alert: Cereulide toxin risk,Global Health Authorities / Nestlé International,https://www.food.gov.uk/news-alerts/alert/fsa-prin-02-2026,True
5111080621,Guigoz,Guigoz AR/Gest/Optipro 800g,800g,France,Rappel de précaution : Présence potentielle de toxin (Céréulide),Rappel Conso (Gouvernement Français),resources/official_docs/FR_Rappel_Conso_20947.pdf,False
5111080661,S-26,NAN/S-26 MENA Range 400g,400g,Middle East (MENA),Precautionary verification: Quality concern related to raw material,Nestlé MENA Official Release,https://www.food.gov.uk/news-alerts/alert/fsa-prin-02-2026,False
511110017Y,Nestlé Nutrition,Global Series Alert,800g,Global (Cross-region),International Precautionary Alert: Cereulide toxin risk,Global Health Authorities / Nestlé International,https://www.food.gov.uk/news-alerts/alert/fsa-prin-02-2026,True
511120017Y,Nestlé Nutrition,Global Series Alert,800g,Global (Cross-region),International Precautionary Alert: Cereulide toxin risk,Global Health Authorities / Nestlé International,https://www.food.gov.uk/news-alerts/alert/fsa-prin-02-2026,True
511130017Y,Nestlé Nutrition,Global Series Alert,800g,Global (Cross-region),International Precautionary Alert: Cereulide toxin risk,Global Health Authorities / Nestlé International,https://www.food.gov.uk/news-alerts/alert/fsa-prin-02-2026,True
511140017Y,Nestlé Nutrition,Global Series Alert,800g,Global (Cross-region),International Precautionary Alert: Cereulide toxin risk,Global Health Authorities / Nestlé International,https://www.food.gov.uk/news-alerts/alert/fsa-prin-02-2026,True
511150017Y,Nestlé Nutrition,Global Series Alert,800g,Global (Cross-region),International Precautionary Alert: Cereulide toxin risk,Global Health Authorities / Nestlé International,https://www.food.gov.uk/news-alerts/alert/fsa-prin-02-2026,True
511160017Y,Nestlé Nutrition,Global Series Alert,800g,Global (Cross-region),International Precautionary Alert: Cereulide toxin risk,Global Health Authorities / Nestlé International,https://www.food.gov.uk/news-alerts/alert/fsa-prin-02-2026,True
511170017Y,Nestlé Nutrition,Global Series Alert,800g,Global (Cross-region),International Precautionary Alert: Cereulide toxin risk,Global Health Authorities / Nestlé International,https://www.food.gov.uk/news-alerts/alert/fsa-prin-02-2026,True
511180017Y,Nestlé Nutrition,Global Series Alert,800g,Global (Cross-region),International Precautionary Alert: Cereulide toxin risk,Global Health Authorities / Nestlé International,https://www.food.gov.uk/news-alerts/alert/fsa-prin-02-2026,True
511190017Y,Nestlé Nutrition,Global Series Alert,800g,Global (Cross-region),International Precautionary Alert: Cereulide toxin risk,Global Health Authorities / Nestlé International,https://www.food.gov.uk/news-alerts/alert/fsa-prin-02-2026,True
511200017Y,Nestlé Nutrition,Global Series Alert,800g,Global (Cross-region),International Precautionary Alert: Cereulide toxin risk,Global Health Authorities / Nestlé International,https://www.food.gov.uk/news-alerts/alert/fsa-prin-02-2026,True
5112080621,Guigoz,Guigoz AR/Gest/Optipro 800g,800g,France,Rappel de précaution : Présence potentielle de toxin (Céréulide),Rappel Conso (Gouvernement Français),resources/official_docs/FR_Rappel_Conso_20947.pdf,False
5112080661,S-26,NAN/S-26 MENA Range 400g,400g,Middle East (MENA),Precautionary verification: Quality concern related to raw material,Nestlé MENA Official Release,https://www.food.gov.uk/news-alerts/alert/fsa-prin-02-2026,False
511210017Y,Nestlé Nutrition,Global Series Alert,800g,Global (Cross-region),International Precautionary Alert: Cereulide toxin risk,Global Health Authorities / Nestlé International,https://www.food.gov.uk/news-alerts/alert/fsa-prin-02-2026,True
511220017Y,Nestlé Nutrition,Global Series Alert,800g,Global (Cross-region),International Precautionary Alert: Cereulide toxin risk,Global Health Authorities / Nestlé International,https://www.food.gov.uk/news-alerts/alert/fsa-prin-02-2026,True
511230017Y,Nestlé Nutrition,Global Series Alert,800g,Global (Cross-region),International Precautionary Alert: Cereulide toxin risk,Global Health Authorities / Nestlé International,https://www.food.gov.uk/news-alerts/alert/fsa-prin-02-2026,True
511240017Y,Nestlé Nutrition,Global Series Alert,800g,Global (Cross-region),International Precautionary Alert: Cereulide toxin risk,Global Health Authorities / Nestlé International,https://www.food.gov.uk/news-alerts/alert/fsa-prin-02-2026,True
5113080621,Guigoz,Guigoz AR/Gest/Optipro 800g,800g,France,Rappel de précaution : Présence potentielle de toxin (Céréulide),Rappel Conso (Gouvernement Français),resources/official_docs/FR_Rappel_Conso_20947.pdf,False
5113080661,S-26,NAN/S-26 MENA Range 400g,400g,Middle East (MENA),Precautionary verification: Quality concern related to raw material,Nestlé MENA Official Release,https://www.food.gov.uk/news-alerts/alert/fsa-prin-02-2026,False
5114080621,Guigoz,Guigoz AR/Gest/Optipro 800g,800g,France,Rappel de précaution : Présence potentielle de toxin (Céréulide),Rappel Conso (Gouvernement Français),resources/official_docs/FR_Rappel_Conso_20947.pdf,False
5114080661,S-26,NAN/S-26 MENA Range 400g,400g,Middle East (MENA),Precautionary verification: Quality concern related to raw material,Nestlé MENA Official Release,https://www.food.gov.uk/news-alerts/alert/fsa-prin-02-2026,False
51150346AB,SMA,SMA Lactose Free 400g,400g,United Kingdom,Precautionary recall: Possible presence of Cereulide toxin (Bacillus cereus),UK Food Standards Agency (FSA),resources/official_docs/UK_FSA_Advisory_28046.pdf,False
5115080621,Guigoz,Guigoz AR/Gest/Optipro 800g,800g,France,Rappel de précaution : Présence potentielle de toxin (Céréulide),Rappel Conso (Gouvernement Français),resources/official_docs/FR_Rappel_Conso_20947.pdf,False
5115080661,S-26,NAN/S-26 MENA Range 400g,400g,Middle East (MENA),Precautionary verification: Quality concern related to raw material,Nestlé MENA Official Release,https://www.food.gov.uk/news-alerts/alert/fsa-prin-02-2026,False
5116080621,Guigoz,Guigoz AR/Gest/Optipro 800g,800g,France,Rappel de précaution : Présence potentielle de toxin (Céréulide),Rappel Conso (Gouvernement Français),resources/official_docs/FR_Rappel_Conso_20947.pdf,False
5116080661,S-26,NAN/S-26 MENA Range 400g,400g,Middle East (MENA),Precautionary verification: Quality concern related to raw material,Nestlé MENA Official Release,https://www.food.gov.uk/news-alerts/alert/fsa-prin-02-2026,False
51170346AA,SMA,SMA First Milk 800g,800g,United Kingdom,Precautionary recall: Possible presence of Cereulide toxin (Bacillus cereus),UK Food Standards Agency (FSA),resources/official_docs/UK_FSA_Advisory_28046.pdf,False
51170346AB,SMA,SMA First Milk 800g,800g,United Kingdom,Precautionary recall: Possible presence of Cereulide toxin (Bacillus cereus),UK Food Standards Agency (FSA),resources/official_docs/UK_FSA_Advisory_28046.pdf,False
5117080621,Guigoz,Guigoz AR/Gest/Optipro 800g,800g,France,Rappel de précaution : Présence potentielle de toxin (Céréulide),Rappel Conso (Gouvernement Français),resources/official_docs/FR_Rappel_Conso_20947.pdf,False
5117080661,S-26,NAN/S-26 MENA Range 400g,400g,Middle East (MENA),Precautionary verification: Quality concern related to raw material,Nestlé MENA Official Release,https://www.food.gov.uk/news-alerts/alert/fsa-prin-02-2026,False
5118080621,Guigoz,Guigoz AR/Gest/Optipro 800g,800g,France,Rappel de précaution : Présence potentielle de toxin (Céréulide),Rappel Conso (Gouvernement Français),resources/official_docs/FR_Rappel_Conso_20947.pdf,False
5118080661,S-26,NAN/S-26 MENA Range 400g,400g,Middle East (MENA),Precautionary verification: Quality concern related to raw material,Nestlé MENA Official Release,https://www.food.gov.uk/news-alerts/alert/fsa-prin-02-2026,False
51190017C2,Illuma,Illuma Future 1 800g,800g,China (Cross-border),预防性召回：蜡样芽孢杆菌代谢物风险 (Cereulide),雀巢中国官方公告,https://www.cfs.gov.hk/english/press/20260110_12105.html,False
5119080621,Guigoz,Guigoz AR/Gest/Optipro 800g,800g,France,Rappel de précaution : Présence potentielle de toxin (Céréulide),Rappel Conso (Gouvernement Français),resources/official_docs/FR_Rappel_Conso_20947.pdf,False
5119080661,S-26,NAN/S-26 MENA Range 400g,400g,Middle East (MENA),Precautionary verification: Quality concern related to raw material,Nestlé MENA Official Release,https://www.food.gov.uk/news-alerts/alert/fsa-prin-02-2026,False
512000017Y,Nestlé Nutrition,Global Series Alert,800g,Global (Cross-region),International Precautionary Alert: Cereulide toxin risk,Global Health Authorities / Nestlé International,https://www.food.gov.uk/news-alerts/alert/fsa-prin-02-2026,True
51200017Y3,SMA,SMA Alfamino 400g,400g,United Kingdom,Precautionary recall: Possible presence of Cereulide toxin (Bacillus cereus),UK Food Standards Agency (FSA),resources/official_docs/UK_FSA_Advisory_28046.pdf,False
5120080621,Guigoz,Guigoz AR/Gest/Optipro 800g,800g,France,Rappel de précaution : Présence potentielle de toxin (Céréulide),Rappel Conso (Gouvernement Français),resources/official_docs/FR_Rappel_Conso_20947.pdf,False
5120080661,S-26,NAN/S-26 MENA Range 400g,400g,Middle East (MENA),Precautionary verification: Quality concern related to raw material,Nestlé MENA Official Release,https://www.food.gov.uk/news-alerts/alert/fsa-prin-02-2026,False
512010017Y,Nestlé Nutrition,Global Series Alert,800g,Global (Cross-region),International Precautionary Alert: Cereulide toxin risk,Global Health Authorities / Nestlé International,https://www.food.gov.uk/news-alerts/alert/fsa-prin-02-2026,True
512020017Y,Nestlé Nutrition,Global Series Alert,800g,Global (Cross-region),International Precautionary Alert: Cereulide toxin risk,Global Health Authorities / Nestlé International,https://www.food.gov.uk/news-alerts/alert/fsa-prin-02-2026,True
512030017Y,Nestlé Nutrition,Global Series Alert,800g,Global (Cross-region),International Precautionary Alert: Cereulide toxin risk,Global Health Authorities / Nestlé International,https://www.food.gov.uk/news-alerts/alert/fsa-prin-02-2026,True
512040017Y,Nestlé Nutrition,Global Series Alert,800g,Global (Cross-region),International Precautionary Alert: Cereulide toxin risk,Global Health Authorities / Nestlé International,https://www.food.gov.uk/news-alerts/alert/fsa-prin-02-2026,True
512050017Y,Nestlé Nutrition,Global Series Alert,800g,Global (Cross-region),International Precautionary Alert: Cereulide toxin risk,Global Health Authorities / Nestlé International,https://www.food.gov.uk/news-alerts/alert/fsa-prin-02-2026,True
512060017Y,Nestlé Nutrition,Global Series Alert,800g,Global (Cross-region),International Precautionary Alert: Cereulide toxin risk,Global Health Authorities / Nestlé International,https://www.food.gov.uk/news-alerts/alert/fsa-prin-02-2026,True
512070017Y,Nestlé Nutrition,Global Series Alert,800g,Global (Cross-region),International Precautionary Alert: Cereulide toxin risk,Global Health Authorities / Nestlé International,https://www.food.gov.uk/news-alerts/alert/fsa-prin-02-2026,True
512080017Y,Nestlé Nutrition,Global Series Alert,800g,Global (Cross-region),International Precautionary Alert: Cereulide toxin risk,Global Health Authorities / Nestlé International,https://www.food.gov.uk/news-alerts/alert/fsa-prin-02-2026,True
512090017Y,Nestlé Nutrition,Global Series Alert,800g,Global (Cross-region),International Precautionary Alert: Cereulide toxin risk,Global Health Authorities / Nestlé International,https://www.food.gov.uk/news-alerts/alert/fsa-prin-02-2026,True
512100017Y,Nestlé Nutrition,Global Series Alert,800g,Global (Cross-region),International Precautionary Alert: Cereulide toxin risk,Global Health Authorities / Nestlé International,https://www.food.gov.uk/news-alerts/alert/fsa-prin-02-2026,True
51210017Y1,SMA,SMA Alfamino 400g,400g,United Kingdom,Precautionary recall: Possible presence of Cereulide toxin (Bacillus cereus),UK Food Standards Agency (FSA),resources/official_docs/UK_FSA_Advisory_28046.pdf,False
5121080621,Guigoz,Guigoz AR/Gest/Optipro 800g,800g,France,Rappel de précaution : Présence potentielle de toxin (Céréulide),Rappel Conso (Gouvernement Français),resources/official_docs/FR_Rappel_Conso_20947.pdf,False
5121080661,S-26,NAN/S-26 MENA Range 400g,400g,Middle East (MENA),Precautionary verification: Quality concern related to raw material,Nestlé MENA Official Release,https://www.food.gov.uk/news-alerts/alert/fsa-prin-02-2026,False
512110017Y,Nestlé Nutrition,Global Series Alert,800g,Global (Cross-region),International Precautionary Alert: Cereulide toxin risk,Global Health Authorities / Nestlé International,https://www.food.gov.uk/news-alerts/alert/fsa-prin-02-2026,True
512120017Y,Nestlé Nutrition,Global Series Alert,800g,Global (Cross-region),International Precautionary Alert: Cereulide toxin risk,Global Health Authorities / Nestlé International,https://www.food.gov.uk/news-alerts/alert/fsa-prin-02-2026,True
512130017Y,Nestlé Nutrition,Global Series Alert,800g,Global (Cross-region),International Precautionary Alert: Cereulide toxin risk,Global Health Authorities / Nestlé International,https://www.food.gov.uk/news-alerts/alert/fsa-prin-02-2026,True
512140017Y,Nestlé Nutrition,Global Series Alert,800g,Global (Cross-region),International Precautionary Alert: Cereulide toxin risk,Global Health Authorities / Nestlé International,https://www.food.gov.uk/news-alerts/alert/fsa-prin-02-2026,True
512150017Y,Nestlé Nutrition,Global Series Alert,800g,Global (Cross-region),International Precautionary Alert: Cereulide toxin risk,Global Health Authorities / Nestlé International,https://www.food.gov.uk/news-alerts/alert/fsa-prin-02-2026,True
512160017Y,Nestlé Nutrition,Global Series Alert,800g,Global (Cross-region),International Precautionary Alert: Cereulide toxin risk,Global Health Authorities / Nestlé International,https://www.food.gov.uk/news-alerts/alert/fsa-prin-02-2026,True
512170017Y,Nestlé Nutrition,Global Series Alert,800g,Global (Cross-region),International Precautionary Alert: Cereulide toxin risk,Global Health Authorities / Nestlé International,https://www.food.gov.uk/news-alerts/alert/fsa-prin-02-2026,True
512180017Y,Nestlé Nutrition,Global Series Alert,800g,Global (Cross-region),International Precautionary Alert: Cereulide toxin risk,Global Health Authorities / Nestlé International,https://www.food.gov.uk/news-alerts/alert/fsa-prin-02-2026,True
512190017Y,Nestlé Nutrition,Global Series Alert,800g,Global (Cross-region),International Precautionary Alert: Cereulide toxin risk,Global Health Authorities / Nestlé International,https://www.food.gov.uk/news-alerts/alert/fsa-prin-02-2026,True
512200017Y,Nestlé Nutrition,Global Series Alert,800g,Global (Cross-region),International Precautionary Alert: Cereulide toxin risk,Global Health Authorities / Nestlé International,https://www.food.gov.uk/news-alerts/alert/fsa-prin-02-2026,True
51220017Y1,SMA,SMA Alfamino 400g,400g,United Kingdom,Precautionary recall: Possible presence of Cereulide toxin (Bacillus cereus),UK Food Standards Agency (FSA),resources/official_docs/UK_FSA_Advisory_28046.pdf,False
51220346AD,Nestlé Nutrition,LITTLE STEPS First 800g,800g,United Kingdom,Precautionary recall: Possible presence of Cereulide toxin (Bacillus cereus),UK Food Standards Agency (FSA),resources/official_docs/UK_FSA_Advisory_28046.pdf,False
51220346BA,Nidal,Nidal Nidalgest 1 1.2kg,2kg,France,Rappel de précaution : Présence potentielle de toxin (Céréulide),Rappel Conso (Gouvernement Français),resources/official_docs/FR_Rappel_Conso_20947.pdf,False
5122080621,Guigoz,Guigoz AR/Gest/Optipro 800g,800g,France,Rappel de précaution : Présence potentielle de toxin (Céréulide),Rappel Conso (Gouvernement Français),resources/official_docs/FR_Rappel_Conso_20947.pdf,False
5122080661,S-26,NAN/S-26 MENA Range 400g,400g,Middle East (MENA),Precautionary verification: Quality concern related to raw material,Nestlé MENA Official Release,https://www.food.gov.uk/news-alerts/alert/fsa-prin-02-2026,False
512210017Y,Nestlé Nutrition,Global Series Alert,800g,Global (Cross-region),International Precautionary Alert: Cereulide toxin risk,Global Health Authorities / Nestlé International,https://www.food.gov.uk/news-alerts/alert/fsa-prin-02-2026,True
512220017Y,Nestlé Nutrition,Global Series Alert,800g,Global (Cross-region),International Precautionary Alert: Cereulide toxin risk,Global Health Authorities / Nestlé International,https://www.food.gov.uk/news-alerts/alert/fsa-prin-02-2026,True
512230017Y,Nestlé Nutrition,Global Series Alert,800g,Global (Cross-region),International Precautionary Alert: Cereulide toxin risk,Global Health Authorities / Nestlé International,https://www.food.gov.uk/news-alerts/alert/fsa-prin-02-2026,True
512240017Y,Nestlé Nutrition,Global Series Alert,800g,Global (Cross-region),International Precautionary Alert: Cereulide toxin risk,Global Health Authorities / Nestlé International,https://www.food.gov.uk/news-alerts/alert/fsa-prin-02-2026,True
51230346AA,Nidal,Nidal Nidalgest 1 800g,800g,France,Rappel de précaution : Présence potentielle de toxin (Céréulide),Rappel Conso (Gouvernement Français),resources/official_docs/FR_Rappel_Conso_20947.pdf,False
51230742F1,BEBA,BEBA Supreme 3 830g,830g,China (Cross-border),预防性召回：蜡样芽孢杆菌代谢物风险 (Cereulide),雀巢中国官方公告,https://www.cfs.gov.hk/english/press/20260110_12105.html,False
5123080621,Guigoz,Guigoz AR/Gest/Optipro 800g,800g,France,Rappel de précaution : Présence potentielle de toxin (Céréulide),Rappel Conso (Gouvernement Français),resources/official_docs/FR_Rappel_Conso_20947.pdf,False
5123080661,S-26,NAN/S-26 MENA Range 400g,400g,Middle East (MENA),Precautionary verification: Quality concern related to raw material,Nestlé MENA Official Release,https://www.food.gov.uk/news-alerts/alert/fsa-prin-02-2026,False
51240742F2,SMA,SMA Follow-on 800g,800g,United Kingdom,Precautionary recall: Possible presence of Cereulide toxin (Bacillus cereus),UK Food Standards Agency (FSA),resources/official_docs/UK_FSA_Advisory_28046.pdf,False
51240742F3,SMA,SMA Comfort 800g,800g,United Kingdom,Precautionary recall: Possible presence of Cereulide toxin (Bacillus cereus),UK Food Standards Agency (FSA),resources/official_docs/UK_FSA_Advisory_28046.pdf,False
5124080621,Guigoz,Guigoz AR/Gest/Optipro 800g,800g,France,Rappel de précaution : Présence potentielle de toxin (Céréulide),Rappel Conso (Gouvernement Français),resources/official_docs/FR_Rappel_Conso_20947.pdf,False
5124080661,S-26,NAN/S-26 MENA Range 400g,400g,Middle East (MENA),Precautionary verification: Quality concern related to raw material,Nestlé MENA Official Release,https://www.food.gov.uk/news-alerts/alert/fsa-prin-02-2026,False
51250017C1,NAN,NaN A2 1,800g,China (Cross-border),预防性召回：蜡样芽孢杆菌代谢物风险 (Cereulide),雀巢中国官方公告,https://www.cfs.gov.hk/english/press/20260110_12105.html,False
51250017Y1,SMA,SMA Alfamino 400g,400g,United Kingdom,Precautionary recall: Possible presence of Cereulide toxin (Bacillus cereus),UK Food Standards Agency (FSA),resources/official_docs/UK_FSA_Advisory_28046.pdf,False
51250742F1,Guigoz,Guigoz 1 6x230ml,6x230ml,France,Rappel de précaution : Présence potentielle de toxin (Céréulide),Rappel Conso (Gouvernement Français),resources/official_docs/FR_Rappel_Conso_20947.pdf,False
5125080621,Guigoz,Guigoz AR/Gest/Optipro 800g,800g,France,Rappel de précaution : Présence potentielle de toxin (Céréulide),Rappel Conso (Gouvernement Français),resources/official_docs/FR_Rappel_Conso_20947.pdf,False
5125080661,S-26,S-26 AR UAE/Kuwait 400g,400g,Middle East (MENA),Precautionary verification: Quality concern related to raw material,Nestlé MENA Official Release,https://www.food.gov.uk/news-alerts/alert/fsa-prin-02-2026,False
51260017C1,NAN,NaN A2 2,800g,China (Cross-border),预防性召回：蜡样芽孢杆菌代谢物风险 (Cereulide),雀巢中国官方公告,https://www.cfs.gov.hk/english/press/20260110_12105.html,False
51260017C2,NAN,NaN A2 3,800g,China (Cross-border),预防性召回：蜡样芽孢杆菌代谢物风险 (Cereulide),雀巢中国官方公告,https://www.cfs.gov.hk/english/press/20260110_12105.html,False
5126080621,Guigoz,Guigoz AR/Gest/Optipro 800g,800g,France,Rappel de précaution : Présence potentielle de toxin (Céréulide),Rappel Conso (Gouvernement Français),resources/official_docs/FR_Rappel_Conso_20947.pdf,False
5126080661,S-26,NAN/S-26 MENA Range 400g,400g,Middle East (MENA),Precautionary verification: Quality concern related to raw material,Nestlé MENA Official Release,https://www.food.gov.uk/news-alerts/alert/fsa-prin-02-2026,False
5127080621,Guigoz,Guigoz AR/Gest/Optipro 800g,800g,France,Rappel de précaution : Présence potentielle de toxin (Céréulide),Rappel Conso (Gouvernement Français),resources/official_docs/FR_Rappel_Conso_20947.pdf,False
5127080661,S-26,NAN/S-26 MENA Range 400g,400g,Middle East (MENA),Precautionary verification: Quality concern related to raw material,Nestlé MENA Official Release,https://www.food.gov.uk/news-alerts/alert/fsa-prin-02-2026,False
5128080621,Guigoz,Guigoz AR/Gest/Optipro 800g,800g,France,Rappel de précaution : Présence potentielle de toxin (Céréulide),Rappel Conso (Gouvernement Français),resources/official_docs/FR_Rappel_Conso_20947.pdf,False
5128080661,S-26,NAN/S-26 MENA Range 400g,400g,Middle East (MENA),Precautionary verification: Quality concern related to raw material,Nestlé MENA Official Release,https://www.food.gov.uk/news-alerts/alert/fsa-prin-02-2026,False
5129080621,Guigoz,Guigoz AR/Gest/Optipro 800g,800g,France,Rappel de précaution : Présence potentielle de toxin (Céréulide),Rappel Conso (Gouvernement Français),resources/official_docs/FR_Rappel_Conso_20947.pdf,False
5129080661,S-26,NAN/S-26 MENA Range 400g,400g,Middle East (MENA),Precautionary verification: Quality concern related to raw material,Nestlé MENA Official Release,https://www.food.gov.uk/news-alerts/alert/fsa-prin-02-2026,False
513000017Y,Nestlé Nutrition,Global Series Alert,800g,Global (Cross-region),International Precautionary Alert: Cereulide toxin risk,Global Health Authorities / Nestlé International,https://www.food.gov.uk/news-alerts/alert/fsa-prin-02-2026,True
5130080621,Guigoz,Guigoz AR/Gest/Optipro 800g,800g,France,Rappel de précaution : Présence potentielle de toxin (Céréulide),Rappel Conso (Gouvernement Français),resources/official_docs/FR_Rappel_Conso_20947.pdf,False
5130080661,S-26,NAN/S-26 MENA Range 400g,400g,Middle East (MENA),Precautionary verification: Quality concern related to raw material,Nestlé MENA Official Release,https://www.food.gov.uk/news-alerts/alert/fsa-prin-02-2026,False
513010017Y,Nestlé Nutrition,Global Series Alert,800g,Global (Cross-region),International Precautionary Alert: Cereulide toxin risk,Global Health Authorities / Nestlé International,https://www.food.gov.uk/news-alerts/alert/fsa-prin-02-2026,True
513020017Y,Nestlé Nutrition,Global Series Alert,800g,Global (Cross-region),International Precautionary Alert: Cereulide toxin risk,Global Health Authorities / Nestlé International,https://www.food.gov.uk/news-alerts/alert/fsa-prin-02-2026,True
513030017Y,Nestlé Nutrition,Global Series Alert,800g,Global (Cross-region),International Precautionary Alert: Cereulide toxin risk,Global Health Authorities / Nestlé International,https://www.food.gov.uk/news-alerts/alert/fsa-prin-02-2026,True
513040017Y,Nestlé Nutrition,Global Series Alert,800g,Global (Cross-region),International Precautionary Alert: Cereulide toxin risk,Global Health Authorities / Nestlé International,https://www.food.gov.uk/news-alerts/alert/fsa-prin-02-2026,True
513050017Y,Nestlé Nutrition,Global Series Alert,800g,Global (Cross-region),International Precautionary Alert: Cereulide toxin risk,Global Health Authorities / Nestlé International,https://www.food.gov.uk/news-alerts/alert/fsa-prin-02-2026,True
513060017Y,Nestlé Nutrition,Global Series Alert,800g,Global (Cross-region),International Precautionary Alert: Cereulide toxin risk,Global Health Authorities / Nestlé International,https://www.food.gov.uk/news-alerts/alert/fsa-prin-02-2026,True
513070017Y,Nestlé Nutrition,Global Series Alert,800g,Global (Cross-region),International Precautionary Alert: Cereulide toxin risk,Global Health Authorities / Nestlé International,https://www.food.gov.uk/news-alerts/alert/fsa-prin-02-2026,True
513080017Y,Nestlé Nutrition,Global Series Alert,800g,Global (Cross-region),International Precautionary Alert: Cereulide toxin risk,Global Health Authorities / Nestlé International,https://www.food.gov.uk/news-alerts/alert/fsa-prin-02-2026,True
513090017Y,Nestlé Nutrition,Global Series Alert,800g,Global (Cross-region),International Precautionary Alert: Cereulide toxin risk,Global Health Authorities / Nestlé International,https://www.food.gov.uk/news-alerts/alert/fsa-prin-02-2026,True
513100017Y,Nestlé Nutrition,Global Series Alert,800g,Global (Cross-region),International Precautionary Alert: Cereulide toxin risk,Global Health Authorities / Nestlé International,https://www.food.gov.uk/news-alerts/alert/fsa-prin-02-2026,True
5131080621,Guigoz,Guigoz AR/Gest/Optipro 800g,800g,France,Rappel de précaution : Présence potentielle de toxin (Céréulide),Rappel Conso (Gouvernement Français),resources/official_docs/FR_Rappel_Conso_20947.pdf,False
5131080661,S-26,NAN/S-26 MENA Range 400g,400g,Middle East (MENA),Precautionary verification: Quality concern related to raw material,Nestlé MENA Official Release,https://www.food.gov.uk/news-alerts/alert/fsa-prin-02-2026,False
513110017Y,Nestlé Nutrition,Global Series Alert,800g,Global (Cross-region),International Precautionary Alert: Cereulide toxin risk,Global Health Authorities / Nestlé International,https://www.food.gov.uk/news-alerts/alert/fsa-prin-02-2026,True
513120017Y,Nestlé Nutrition,Global Series Alert,800g,Global (Cross-region),International Precautionary Alert: Cereulide toxin risk,Global Health Authorities / Nestlé International,https://www.food.gov.uk/news-alerts/alert/fsa-prin-02-2026,True
513130017Y,Nestlé Nutrition,Global Series Alert,800g,Global (Cross-region),International Precautionary Alert: Cereulide toxin risk,Global Health Authorities / Nestlé International,https://www.food.gov.uk/news-alerts/alert/fsa-prin-02-2026,True
513140017Y,Nestlé Nutrition,Global Series Alert,800g,Global (Cross-region),International Precautionary Alert: Cereulide toxin risk,Global Health Authorities / Nestlé International,https://www.food.gov.uk/news-alerts/alert/fsa-prin-02-2026,True
513150017Y,Nestlé Nutrition,Global Series Alert,800g,Global (Cross-region),International Precautionary Alert: Cereulide toxin risk,Global Health Authorities / Nestlé International,https://www.food.gov.uk/news-alerts/alert/fsa-prin-02-2026,True
513160017Y,Nestlé Nutrition,Global Series Alert,800g,Global (Cross-region),International Precautionary Alert: Cereulide toxin risk,Global Health Authorities / Nestlé International,https://www.food.gov.uk/news-alerts/alert/fsa-prin-02-2026,True
513170017Y,Nestlé Nutrition,Global Series Alert,800g,Global (Cross-region),International Precautionary Alert: Cereulide toxin risk,Global Health Authorities / Nestlé International,https://www.food.gov.uk/news-alerts/alert/fsa-prin-02-2026,True
513180017Y,Nestlé Nutrition,Global Series Alert,800g,Global (Cross-region),International Precautionary Alert: Cereulide toxin risk,Global Health Authorities / Nestlé International,https://www.food.gov.uk/news-alerts/alert/fsa-prin-02-2026,True
513190017Y,Nestlé Nutrition,Global Series Alert,800g,Global (Cross-region),International Precautionary Alert: Cereulide toxin risk,Global Health Authorities / Nestlé International,https://www.food.gov.uk/news-alerts/alert/fsa-prin-02-2026,True
513200017Y,Nestlé Nutrition,Global Series Alert,800g,Global (Cross-region),International Precautionary Alert: Cereulide toxin risk,Global Health Authorities / Nestlé International,https://www.food.gov.uk/news-alerts/alert/fsa-prin-02-2026,True
5132080621,Nidal,Nidal Nidalgest 1 800g,800g,France,Rappel de précaution : Présence potentielle de toxin (Céréulide),Rappel Conso (Gouvernement Français),resources/official_docs/FR_Rappel_Conso_20947.pdf,False
5132080661,S-26,NAN/S-26 MENA Range 400g,400g,Middle East (MENA),Precautionary verification: Quality concern related to raw material,Nestlé MENA Official Release,https://www.food.gov.uk/news-alerts/alert/fsa-prin-02-2026,False
513210017Y,Nestlé Nutrition,Global Series Alert,800g,Global (Cross-region),International Precautionary Alert: Cereulide toxin risk,Global Health Authorities / Nestlé International,https://www.food.gov.uk/news-alerts/alert/fsa-prin-02-2026,True
513220017Y,Nestlé Nutrition,Global Series Alert,800g,Global (Cross-region),International Precautionary Alert: Cereulide toxin risk,Global Health Authorities / Nestlé International,https://www.food.gov.uk/news-alerts/alert/fsa-prin-02-2026,True
513230017Y,Nestlé Nutrition,Global Series Alert,800g,Global (Cross-region),International Precautionary Alert: Cereulide toxin risk,Global Health Authorities / Nestlé International,https://www.food.gov.uk/news-alerts/alert/fsa-prin-02-2026,True
513240017Y,Nestlé Nutrition,Global Series Alert,800g,Global (Cross-region),International Precautionary Alert: Cereulide toxin risk,Global Health Authorities / Nestlé International,https://www.food.gov.uk/news-alerts/alert/fsa-prin-02-2026,True
5133080621,Guigoz,Guigoz AR/Gest/Optipro 800g,800g,France,Rappel de précaution : Présence potentielle de toxin (Céréulide),Rappel Conso (Gouvernement Français),resources/official_docs/FR_Rappel_Conso_20947.pdf,False
5133080661,S-26,NAN/S-26 MENA Range 400g,400g,Middle East (MENA),Precautionary verification: Quality concern related to raw material,Nestlé MENA Official Release,https://www.food.gov.uk/news-alerts/alert/fsa-prin-02-2026,False
51340346AB,SMA,SMA First Milk 800g,800g,United Kingdom,Precautionary recall: Possible presence of Cereulide toxin (Bacillus cereus),UK Food Standards Agency (FSA),resources/official_docs/UK_FSA_Advisory_28046.pdf,False
51340346BE,SMA,SMA First Milk 1.2kg,2kg,United Kingdom,Precautionary recall: Possible presence of Cereulide toxin (Bacillus cereus),UK Food Standards Agency (FSA),resources/official_docs/UK_FSA_Advisory_28046.pdf,False
5134080621,Guigoz,Guigoz AR/Gest/Optipro 800g,800g,France,Rappel de précaution : Présence potentielle de toxin (Céréulide),Rappel Conso (Gouvernement Français),resources/official_docs/FR_Rappel_Conso_20947.pdf,False
5134080661,S-26,NAN/S-26 MENA Range 400g,400g,Middle East (MENA),Precautionary verification: Quality concern related to raw material,Nestlé MENA Official Release,https://www.food.gov.uk/news-alerts/alert/fsa-prin-02-2026,False
51350346AA,SMA,SMA First Milk 400g,400g,United Kingdom,Precautionary recall: Possible presence of Cereulide toxin (Bacillus cereus),UK Food Standards Agency (FSA),resources/official_docs/UK_FSA_Advisory_28046.pdf,False
5135080621,Guigoz,Guigoz AR/Gest/Optipro 800g,800g,France,Rappel de précaution : Présence potentielle de toxin (Céréulide),Rappel Conso (Gouvernement Français),resources/official_docs/FR_Rappel_Conso_20947.pdf,False
5135080661,S-26,NAN/S-26 MENA Range 400g,400g,Middle East (MENA),Precautionary verification: Quality concern related to raw material,Nestlé MENA Official Release,https://www.food.gov.uk/news-alerts/alert/fsa-prin-02-2026,False
5136080621,Guigoz,Guigoz AR/Gest/Optipro 800g,800g,France,Rappel de précaution : Présence potentielle de toxin (Céréulide),Rappel Conso (Gouvernement Français),resources/official_docs/FR_Rappel_Conso_20947.pdf,False
5136080661,S-26,NAN/S-26 MENA Range 400g,400g,Middle East (MENA),Precautionary verification: Quality concern related to raw material,Nestlé MENA Official Release,https://www.food.gov.uk/news-alerts/alert/fsa-prin-02-2026,False
5137080621,Guigoz,Guigoz AR/Gest/Optipro 800g,800g,France,Rappel de précaution : Présence potentielle de toxin (Céréulide),Rappel Conso (Gouvernement Français),resources/official_docs/FR_Rappel_Conso_20947.pdf,False
5137080661,S-26,NAN/S-26 MENA Range 400g,400g,Middle East (MENA),Precautionary verification: Quality concern related to raw material,Nestlé MENA Official Release,https://www.food.gov.uk/news-alerts/alert/fsa-prin-02-2026,False
51380017A1,Illuma,Illuma Future 2 370g,370g,China (Cross-border),预防性召回：蜡样芽孢杆菌代谢物风险 (Cereulide),雀巢中国官方公告,https://www.cfs.gov.hk/english/press/20260110_12105.html,False
5138080621,Guigoz,Guigoz AR/Gest/Optipro 800g,800g,France,Rappel de précaution : Présence potentielle de toxin (Céréulide),Rappel Conso (Gouvernement Français),resources/official_docs/FR_Rappel_Conso_20947.pdf,False
5138080661,S-26,NAN/S-26 MENA Range 400g,400g,Middle East (MENA),Precautionary verification: Quality concern related to raw material,Nestlé MENA Official Release,https://www.food.gov.uk/news-alerts/alert/fsa-prin-02-2026,False
51390017Y1,SMA,SMA Alfamino 400g,400g,United Kingdom,Precautionary recall: Possible presence of Cereulide toxin (Bacillus cereus),UK Food Standards Agency (FSA),resources/official_docs/UK_FSA_Advisory_28046.pdf,False
5139080621,Guigoz,Guigoz AR/Gest/Optipro 800g,800g,France,Rappel de précaution : Présence potentielle de toxin (Céréulide),Rappel Conso (Gouvernement Français),resources/official_docs/FR_Rappel_Conso_20947.pdf,False
5139080661,S-26,NAN/S-26 MENA Range 400g,400g,Middle East (MENA),Precautionary verification: Quality concern related to raw material,Nestlé MENA Official Release,https://www.food.gov.uk/news-alerts/alert/fsa-prin-02-2026,False
514000017Y,Nestlé Nutrition,Global Series Alert,800g,Global (Cross-region),International Precautionary Alert: Cereulide toxin risk,Global Health Authorities / Nestlé International,https://www.food.gov.uk/news-alerts/alert/fsa-prin-02-2026,True
51400017C1,Illuma,Illuma Future 2 800g,800g,China (Cross-border),预防性召回：蜡样芽孢杆菌代谢物风险 (Cereulide),雀巢中国官方公告,https://www.cfs.gov.hk/english/press/20260110_12105.html,False
5140080621,Guigoz,Guigoz AR/Gest/Optipro 800g,800g,France,Rappel de précaution : Présence potentielle de toxin (Céréulide),Rappel Conso (Gouvernement Français),resources/official_docs/FR_Rappel_Conso_20947.pdf,False
514010017Y,Nestlé Nutrition,Global Series Alert,800g,Global (Cross-region),International Precautionary Alert: Cereulide toxin risk,Global Health Authorities / Nestlé International,https://www.food.gov.uk/news-alerts/alert/fsa-prin-02-2026,True
514020017Y,Nestlé Nutrition,Global Series Alert,800g,Global (Cross-region),International Precautionary Alert: Cereulide toxin risk,Global Health Authorities / Nestlé International,https://www.food.gov.uk/news-alerts/alert/fsa-prin-02-2026,True
514030017Y,Nestlé Nutrition,Global Series Alert,800g,Global (Cross-region),International Precautionary Alert: Cereulide toxin risk,Global Health Authorities / Nestlé International,https://www.food.gov.uk/news-alerts/alert/fsa-prin-02-2026,True
514040017Y,Nestlé Nutrition,Global Series Alert,800g,Global (Cross-region),International Precautionary Alert: Cereulide toxin risk,Global Health Authorities / Nestlé International,https://www.food.gov.uk/news-alerts/alert/fsa-prin-02-2026,True
514050017Y,Nestlé Nutrition,Global Series Alert,800g,Global (Cross-region),International Precautionary Alert: Cereulide toxin risk,Global Health Authorities / Nestlé International,https://www.food.gov.uk/news-alerts/alert/fsa-prin-02-2026,True
514060017Y,Nestlé Nutrition,Global Series Alert,800g,Global (Cross-region),International Precautionary Alert: Cereulide toxin risk,Global Health Authorities / Nestlé International,https://www.food.gov.uk/news-alerts/alert/fsa-prin-02-2026,True
514070017Y,Nestlé Nutrition,Global Series Alert,800g,Global (Cross-region),International Precautionary Alert: Cereulide toxin risk,Global Health Authorities / Nestlé International,https://www.food.gov.uk/news-alerts/alert/fsa-prin-02-2026,True
514080017Y,Nestlé Nutrition,Global Series Alert,800g,Global (Cross-region),International Precautionary Alert: Cereulide toxin risk,Global Health Authorities / Nestlé International,https://www.food.gov.uk/news-alerts/alert/fsa-prin-02-2026,True
514090017Y,Nestlé Nutrition,Global Series Alert,800g,Global (Cross-region),International Precautionary Alert: Cereulide toxin risk,Global Health Authorities / Nestlé International,https://www.food.gov.uk/news-alerts/alert/fsa-prin-02-2026,True
514100017Y,Nestlé Nutrition,Global Series Alert,800g,Global (Cross-region),International Precautionary Alert: Cereulide toxin risk,Global Health Authorities / Nestlé International,https://www.food.gov.uk/news-alerts/alert/fsa-prin-02-2026,True
5141080621,Guigoz,Guigoz AR/Gest/Optipro 800g,800g,France,Rappel de précaution : Présence potentielle de toxin (Céréulide),Rappel Conso (Gouvernement Français),resources/official_docs/FR_Rappel_Conso_20947.pdf,False
514110017Y,Nestlé Nutrition,Global Series Alert,800g,Global (Cross-region),International Precautionary Alert: Cereulide toxin risk,Global Health Authorities / Nestlé International,https://www.food.gov.uk/news-alerts/alert/fsa-prin-02-2026,True
514120017Y,Nestlé Nutrition,Global Series Alert,800g,Global (Cross-region),International Precautionary Alert: Cereulide toxin risk,Global Health Authorities / Nestlé International,https://www.food.gov.uk/news-alerts/alert/fsa-prin-02-2026,True
514130017Y,Nestlé Nutrition,Global Series Alert,800g,Global (Cross-region),International Precautionary Alert: Cereulide toxin risk,Global Health Authorities / Nestlé International,https://www.food.gov.uk/news-alerts/alert/fsa-prin-02-2026,True
514140017Y,Nestlé Nutrition,Global Series Alert,800g,Global (Cross-region),International Precautionary Alert: Cereulide toxin risk,Global Health Authorities / Nestlé International,https://www.food.gov.uk/news-alerts/alert/fsa-prin-02-2026,True
514150017Y,Nestlé Nutrition,Global Series Alert,800g,Global (Cross-region),International Precautionary Alert: Cereulide toxin risk,Global Health Authorities / Nestlé International,https://www.food.gov.uk/news-alerts/alert/fsa-prin-02-2026,True
514160017Y,Nestlé Nutrition,Global Series Alert,800g,Global (Cross-region),International Precautionary Alert: Cereulide toxin risk,Global Health Authorities / Nestlé International,https://www.food.gov.uk/news-alerts/alert/fsa-prin-02-2026,True
514170017Y,Nestlé Nutrition,Global Series Alert,800g,Global (Cross-region),International Precautionary Alert: Cereulide toxin risk,Global Health Authorities / Nestlé International,https://www.food.gov.uk/news-alerts/alert/fsa-prin-02-2026,True
514180017Y,Nestlé Nutrition,Global Series Alert,800g,Global (Cross-region),International Precautionary Alert: Cereulide toxin risk,Global Health Authorities / Nestlé International,https://www.food.gov.uk/news-alerts/alert/fsa-prin-02-2026,True
514190017Y,Nestlé Nutrition,Global Series Alert,800g,Global (Cross-region),International Precautionary Alert: Cereulide toxin risk,Global Health Authorities / Nestlé International,https://www.food.gov.uk/news-alerts/alert/fsa-prin-02-2026,True
514200017Y,Nestlé Nutrition,Global Series Alert,800g,Global (Cross-region),International Precautionary Alert: Cereulide toxin risk,Global Health Authorities / Nestlé International,https://www.food.gov.uk/news-alerts/alert/fsa-prin-02-2026,True
51420017Y2,SMA,SMA Alfamino 400g,400g,United Kingdom,Precautionary recall: Possible presence of Cereulide toxin (Bacillus cereus),UK Food Standards Agency (FSA),resources/official_docs/UK_FSA_Advisory_28046.pdf,False
5142080621,Guigoz,Guigoz AR/Gest/Optipro 800g,800g,France,Rappel de précaution : Présence potentielle de toxin (Céréulide),Rappel Conso (Gouvernement Français),resources/official_docs/FR_Rappel_Conso_20947.pdf,False
514210017Y,Nestlé Nutrition,Global Series Alert,800g,Global (Cross-region),International Precautionary Alert: Cereulide toxin risk,Global Health Authorities / Nestlé International,https://www.food.gov.uk/news-alerts/alert/fsa-prin-02-2026,True
514220017Y,Nestlé Nutrition,Global Series Alert,800g,Global (Cross-region),International Precautionary Alert: Cereulide toxin risk,Global Health Authorities / Nestlé International,https://www.food.gov.uk/news-alerts/alert/fsa-prin-02-2026,True
514230017Y,Nestlé Nutrition,Global Series Alert,800g,Global (Cross-region),International Precautionary Alert: Cereulide toxin risk,Global Health Authorities / Nestlé International,https://www.food.gov.uk/news-alerts/alert/fsa-prin-02-2026,True
514240017Y,Nestlé Nutrition,Global Series Alert,800g,Global (Cross-region),International Precautionary Alert: Cereulide toxin risk,Global Health Authorities / Nestlé International,https://www.food.gov.uk/news-alerts/alert/fsa-prin-02-2026,True
51430017Y1,SMA,SMA Alfamino 400g,400g,United Kingdom,Precautionary recall: Possible presence of Cereulide toxin (Bacillus cereus),UK Food Standards Agency (FSA),resources/official_docs/UK_FSA_Advisory_28046.pdf,False
5143080621,Guigoz,Guigoz AR/Gest/Optipro 800g,800g,France,Rappel de précaution : Présence potentielle de toxin (Céréulide),Rappel Conso (Gouvernement Français),resources/official_docs/FR_Rappel_Conso_20947.pdf,False
51439722BA,SMA,SMA Comfort 800g,800g,United Kingdom,Precautionary recall: Possible presence of Cereulide toxin (Bacillus cereus),UK Food Standards Agency (FSA),resources/official_docs/UK_FSA_Advisory_28046.pdf,False
5144080621,Guigoz,Guigoz AR/Gest/Optipro 800g,800g,France,Rappel de précaution : Présence potentielle de toxin (Céréulide),Rappel Conso (Gouvernement Français),resources/official_docs/FR_Rappel_Conso_20947.pdf,False
51450742F1,SMA,SMA Advanced First 800g,800g,United Kingdom,Precautionary recall: Possible presence of Cereulide toxin (Bacillus cereus),UK Food Standards Agency (FSA),resources/official_docs/UK_FSA_Advisory_28046.pdf,False
5145080621,Guigoz,Guigoz AR/Gest/Optipro 800g,800g,France,Rappel de précaution : Présence potentielle de toxin (Céréulide),Rappel Conso (Gouvernement Français),resources/official_docs/FR_Rappel_Conso_20947.pdf,False
51460017Y1,SMA,SMA Alfamino 400g,400g,United Kingdom,Precautionary recall: Possible presence of Cereulide toxin (Bacillus cereus),UK Food Standards Agency (FSA),resources/official_docs/UK_FSA_Advisory_28046.pdf,False
51460742F2,BEBA,BEBA Supreme 1 800g,800g,China (Cross-border),预防性召回：蜡样芽孢杆菌代谢物风险 (Cereulide),雀巢中国官方公告,https://www.cfs.gov.hk/english/press/20260110_12105.html,False
5146080621,Guigoz,Guigoz AR/Gest/Optipro 800g,800g,France,Rappel de précaution : Présence potentielle de toxin (Céréulide),Rappel Conso (Gouvernement Français),resources/official_docs/FR_Rappel_Conso_20947.pdf,False
51470742F1,BEBA,BEBA Supreme 1 800g,800g,China (Cross-border),预防性召回：蜡样芽孢杆菌代谢物风险 (Cereulide),雀巢中国官方公告,https://www.cfs.gov.hk/english/press/20260110_12105.html,False
5147080621,Guigoz,Guigoz AR/Gest/Optipro 800g,800g,France,Rappel de précaution : Présence potentielle de toxin (Céréulide),Rappel Conso (Gouvernement Français),resources/official_docs/FR_Rappel_Conso_20947.pdf,False
51480017Y3,Nestlé Nutrition,Alfamino Infant 400g,400g,Australia/New Zealand,Precautionary recall: Microbial contamination (Cereulide),Food Standards Australia New Zealand (FSANZ),https://www.food.gov.uk/news-alerts/alert/fsa-prin-02-2026,False
5148080621,Guigoz,Guigoz AR/Gest/Optipro 800g,800g,France,Rappel de précaution : Présence potentielle de toxin (Céréulide),Rappel Conso (Gouvernement Français),resources/official_docs/FR_Rappel_Conso_20947.pdf,False
51490017Y1,Nestlé Nutrition,Alfamino Infant 400g,400g,Australia/New Zealand,Precautionary recall: Microbial contamination (Cereulide),Food Standards Australia New Zealand (FSANZ),https://www.food.gov.uk/news-alerts/alert/fsa-prin-02-2026,False
5149080621,Guigoz,Guigoz AR/Gest/Optipro 800g,800g,France,Rappel de précaution : Présence potentielle de toxin (Céréulide),Rappel Conso (Gouvernement Français),resources/official_docs/FR_Rappel_Conso_20947.pdf,False
515000017Y,Nestlé Nutrition,Global Series Alert,800g,Global (Cross-region),International Precautionary Alert: Cereulide toxin risk,Global Health Authorities / Nestlé International,https://www.food.gov.uk/news-alerts/alert/fsa-prin-02-2026,True
5150080621,Guigoz,Guigoz AR/Gest/Optipro 800g,800g,France,Rappel de précaution : Présence potentielle de toxin (Céréulide),Rappel Conso (Gouvernement Français),resources/official_docs/FR_Rappel_Conso_20947.pdf,False
515010017Y,Nestlé Nutrition,Global Series Alert,800g,Global (Cross-region),International Precautionary Alert: Cereulide toxin risk,Global Health Authorities / Nestlé International,https://www.food.gov.uk/news-alerts/alert/fsa-prin-02-2026,True
515020017Y,Nestlé Nutrition,Global Series Alert,800g,Global (Cross-region),International Precautionary Alert: Cereulide toxin risk,Global Health Authorities / Nestlé International,https://www.food.gov.uk/news-alerts/alert/fsa-prin-02-2026,True
515030017Y,Nestlé Nutrition,Global Series Alert,800g,Global (Cross-region),International Precautionary Alert: Cereulide toxin risk,Global Health Authorities / Nestlé International,https://www.food.gov.uk/news-alerts/alert/fsa-prin-02-2026,True
515040017Y,Nestlé Nutrition,Global Series Alert,800g,Global (Cross-region),International Precautionary Alert: Cereulide toxin risk,Global Health Authorities / Nestlé International,https://www.food.gov.uk/news-alerts/alert/fsa-prin-02-2026,True
515050017Y,Nestlé Nutrition,Global Series Alert,800g,Global (Cross-region),International Precautionary Alert: Cereulide toxin risk,Global Health Authorities / Nestlé International,https://www.food.gov.uk/news-alerts/alert/fsa-prin-02-2026,True
515060017Y,Nestlé Nutrition,Global Series Alert,800g,Global (Cross-region),International Precautionary Alert: Cereulide toxin risk,Global Health Authorities / Nestlé International,https://www.food.gov.uk/news-alerts/alert/fsa-prin-02-2026,True
515070017Y,Nestlé Nutrition,Global Series Alert,800g,Global (Cross-region),International Precautionary Alert: Cereulide toxin risk,Global Health Authorities / Nestlé International,https://www.food.gov.uk/news-alerts/alert/fsa-prin-02-2026,True
515080017Y,Nestlé Nutrition,Global Series Alert,800g,Global (Cross-region),International Precautionary Alert: Cereulide toxin risk,Global Health Authorities / Nestlé International,https://www.food.gov.uk/news-alerts/alert/fsa-prin-02-2026,True
515090017Y,Nestlé Nutrition,Global Series Alert,800g,Global (Cross-region),International Precautionary Alert: Cereulide toxin risk,Global Health Authorities / Nestlé International,https://www.food.gov.uk/news-alerts/alert/fsa-prin-02-2026,True
515100017Y,Nestlé Nutrition,Global Series Alert,800g,Global (Cross-region),International Precautionary Alert: Cereulide toxin risk,Global Health Authorities / Nestlé International,https://www.food.gov.uk/news-alerts/alert/fsa-prin-02-2026,True
5151080621,Guigoz,Guigoz AR/Gest/Optipro 800g,800g,France,Rappel de précaution : Présence potentielle de toxin (Céréulide),Rappel Conso (Gouvernement Français),resources/official_docs/FR_Rappel_Conso_20947.pdf,False
515110017Y,Nestlé Nutrition,Global Series Alert,800g,Global (Cross-region),International Precautionary Alert: Cereulide toxin risk,Global Health Authorities / Nestlé International,https://www.food.gov.uk/news-alerts/alert/fsa-prin-02-2026,True
515120017Y,Nestlé Nutrition,Global Series Alert,800g,Global (Cross-region),International Precautionary Alert: Cereulide toxin risk,Global Health Authorities / Nestlé International,https://www.food.gov.uk/news-alerts/alert/fsa-prin-02-2026,True
515130017Y,Nestlé Nutrition,Global Series Alert,800g,Global (Cross-region),International Precautionary Alert: Cereulide toxin risk,Global Health Authorities / Nestlé International,https://www.food.gov.uk/news-alerts/alert/fsa-prin-02-2026,True
515140017Y,Nestlé Nutrition,Global Series Alert,800g,Global (Cross-region),International Precautionary Alert: Cereulide toxin risk,Global Health Authorities / Nestlé International,https://www.food.gov.uk/news-alerts/alert/fsa-prin-02-2026,True
515150017Y,Nestlé Nutrition,Global Series Alert,800g,Global (Cross-region),International Precautionary Alert: Cereulide toxin risk,Global Health Authorities / Nestlé International,https://www.food.gov.uk/news-alerts/alert/fsa-prin-02-2026,True
515160017Y,Nestlé Nutrition,Global Series Alert,800g,Global (Cross-region),International Precautionary Alert: Cereulide toxin risk,Global Health Authorities / Nestlé International,https://www.food.gov.uk/news-alerts/alert/fsa-prin-02-2026,True
515170017Y,Nestlé Nutrition,Global Series Alert,800g,Global (Cross-region),International Precautionary Alert: Cereulide toxin risk,Global Health Authorities / Nestlé International,https://www.food.gov.uk/news-alerts/alert/fsa-prin-02-2026,True
515180017Y,Nestlé Nutrition,Global Series Alert,800g,Global (Cross-region),International Precautionary Alert: Cereulide toxin risk,Global Health Authorities / Nestlé International,https://www.food.gov.uk/news-alerts/alert/fsa-prin-02-2026,True
515190017Y,Nestlé Nutrition,Global Series Alert,800g,Global (Cross-region),International Precautionary Alert: Cereulide toxin risk,Global Health Authorities / Nestlé International,https://www.food.gov.uk/news-alerts/alert/fsa-prin-02-2026,True
515200017Y,Nestlé Nutrition,Global Series Alert,800g,Global (Cross-region),International Precautionary Alert: Cereulide toxin risk,Global Health Authorities / Nestlé International,https://www.food.gov.uk/news-alerts/alert/fsa-prin-02-2026,True
5152080621,Guigoz,Guigoz AR/Gest/Optipro 800g,800g,France,Rappel de précaution : Présence potentielle de toxin (Céréulide),Rappel Conso (Gouvernement Français),resources/official_docs/FR_Rappel_Conso_20947.pdf,False
515210017Y,Nestlé Nutrition,Global Series Alert,800g,Global (Cross-region),International Precautionary Alert: Cereulide toxin risk,Global Health Authorities / Nestlé International,https://www.food.gov.uk/news-alerts/alert/fsa-prin-02-2026,True
515220017Y,Nestlé Nutrition,Global Series Alert,800g,Global (Cross-region),International Precautionary Alert: Cereulide toxin risk,Global Health Authorities / Nestlé International,https://www.food.gov.uk/news-alerts/alert/fsa-prin-02-2026,True
515230017Y,Nestlé Nutrition,Global Series Alert,800g,Global (Cross-region),International Precautionary Alert: Cereulide toxin risk,Global Health Authorities / Nestlé International,https://www.food.gov.uk/news-alerts/alert/fsa-prin-02-2026,True
515240017Y,Nestlé Nutrition,Global Series Alert,800g,Global (Cross-region),International Precautionary Alert: Cereulide toxin risk,Global Health Authorities / Nestlé International,https://www.food.gov.uk/news-alerts/alert/fsa-prin-02-2026,True
5153080621,Guigoz,Guigoz AR/Gest/Optipro 800g,800g,France,Rappel de précaution : Présence potentielle de toxin (Céréulide),Rappel Conso (Gouvernement Français),resources/official_docs/FR_Rappel_Conso_20947.pdf,False
51540017A4,Illuma,Illuma Future 1 370g,370g,China (Cross-border),预防性召回：蜡样芽孢杆菌代谢物风险 (Cereulide),雀巢中国官方公告,https://www.cfs.gov.hk/english/press/20260110_12105.html,False
51540346AC,Nestlé Nutrition,LITTLE STEPS First 800g,800g,United Kingdom,Precautionary recall: Possible presence of Cereulide toxin (Bacillus cereus),UK Food Standards Agency (FSA),resources/official_docs/UK_FSA_Advisory_28046.pdf,False
51540742F1,BEBA,BEBA Supreme 3 830g,830g,China (Cross-border),预防性召回：蜡样芽孢杆菌代谢物风险 (Cereulide),雀巢中国官方公告,https://www.cfs.gov.hk/english/press/20260110_12105.html,False
5154080621,Guigoz,Guigoz AR/Gest/Optipro 800g,800g,France,Rappel de précaution : Présence potentielle de toxin (Céréulide),Rappel Conso (Gouvernement Français),resources/official_docs/FR_Rappel_Conso_20947.pdf,False
51550017C3,Illuma,Illuma Future 1 800g,800g,China (Cross-border),预防性召回：蜡样芽孢杆菌代谢物风险 (Cereulide),雀巢中国官方公告,https://www.cfs.gov.hk/english/press/20260110_12105.html,False
51550742F1,BEBA,BEBA Supreme 2 800g,800g,China (Cross-border),预防性召回：蜡样芽孢杆菌代谢物风险 (Cereulide),雀巢中国官方公告,https://www.cfs.gov.hk/english/press/20260110_12105.html,False
51550742F2,BEBA,BEBA Supreme 2 800g,800g,China (Cross-border),预防性召回：蜡样芽孢杆菌代谢物风险 (Cereulide),雀巢中国官方公告,https://www.cfs.gov.hk/english/press/20260110_12105.html,False
5155080621,Guigoz,Guigoz AR/Gest/Optipro 800g,800g,France,Rappel de précaution : Présence potentielle de toxin (Céréulide),Rappel Conso (Gouvernement Français),resources/official_docs/FR_Rappel_Conso_20947.pdf,False
5156080621,Guigoz,Guigoz AR/Gest/Optipro 800g,800g,France,Rappel de précaution : Présence potentielle de toxin (Céréulide),Rappel Conso (Gouvernement Français),resources/official_docs/FR_Rappel_Conso_20947.pdf,False
5157080621,Guigoz,Guigoz AR/Gest/Optipro 800g,800g,France,Rappel de précaution : Présence potentielle de toxin (Céréulide),Rappel Conso (Gouvernement Français),resources/official_docs/FR_Rappel_Conso_20947.pdf,False
51580346AA,SMA,SMA First Milk 800g,800g,United Kingdom,Precautionary recall: Possible presence of Cereulide toxin (Bacillus cereus),UK Food Standards Agency (FSA),resources/official_docs/UK_FSA_Advisory_28046.pdf,False
5158080621,Guigoz,Guigoz AR/Gest/Optipro 800g,800g,France,Rappel de précaution : Présence potentielle de toxin (Céréulide),Rappel Conso (Gouvernement Français),resources/official_docs/FR_Rappel_Conso_20947.pdf,False
51590017C6,S-26,S-26 ULTIMA 2 800g,800g,Hong Kong,Precautionary recall: Possible presence of Cereulide Produced by Bacillus Cereus,HK Centre for Food Safety (CFS),https://www.cfs.gov.hk/english/press/20260110_12105.html,False
51590346AA,SMA,SMA First Milk 800g,800g,United Kingdom,Precautionary recall: Possible presence of Cereulide toxin (Bacillus cereus),UK Food Standards Agency (FSA),resources/official_docs/UK_FSA_Advisory_28046.pdf,False
51590346AB,SMA,SMA First Milk 800g,800g,United Kingdom,Precautionary recall: Possible presence of Cereulide toxin (Bacillus cereus),UK Food Standards Agency (FSA),resources/official_docs/UK_FSA_Advisory_28046.pdf,False
5159080621,Guigoz,Guigoz AR/Gest/Optipro 800g,800g,France,Rappel de précaution : Présence potentielle de toxin (Céréulide),Rappel Conso (Gouvernement Français),resources/official_docs/FR_Rappel_Conso_20947.pdf,False
516000017Y,Nestlé Nutrition,Global Series Alert,800g,Global (Cross-region),International Precautionary Alert: Cereulide toxin risk,Global Health Authorities / Nestlé International,https://www.food.gov.uk/news-alerts/alert/fsa-prin-02-2026,True
5160080621,Guigoz,Guigoz AR/Gest/Optipro 800g,800g,France,Rappel de précaution : Présence potentielle de toxin (Céréulide),Rappel Conso (Gouvernement Français),resources/official_docs/FR_Rappel_Conso_20947.pdf,False
516010017Y,Nestlé Nutrition,Global Series Alert,800g,Global (Cross-region),International Precautionary Alert: Cereulide toxin risk,Global Health Authorities / Nestlé International,https://www.food.gov.uk/news-alerts/alert/fsa-prin-02-2026,True
516020017Y,Nestlé Nutrition,Global Series Alert,800g,Global (Cross-region),International Precautionary Alert: Cereulide toxin risk,Global Health Authorities / Nestlé International,https://www.food.gov.uk/news-alerts/alert/fsa-prin-02-2026,True
516030017Y,Nestlé Nutrition,Global Series Alert,800g,Global (Cross-region),International Precautionary Alert: Cereulide toxin risk,Global Health Authorities / Nestlé International,https://www.food.gov.uk/news-alerts/alert/fsa-prin-02-2026,True
516040017Y,Nestlé Nutrition,Global Series Alert,800g,Global (Cross-region),International Precautionary Alert: Cereulide toxin risk,Global Health Authorities / Nestlé International,https://www.food.gov.uk/news-alerts/alert/fsa-prin-02-2026,True
516050017Y,Nestlé Nutrition,Global Series Alert,800g,Global (Cross-region),International Precautionary Alert: Cereulide toxin risk,Global Health Authorities / Nestlé International,https://www.food.gov.uk/news-alerts/alert/fsa-prin-02-2026,True
516060017Y,Nestlé Nutrition,Global Series Alert,800g,Global (Cross-region),International Precautionary Alert: Cereulide toxin risk,Global Health Authorities / Nestlé International,https://www.food.gov.uk/news-alerts/alert/fsa-prin-02-2026,True
516070017Y,Nestlé Nutrition,Global Series Alert,800g,Global (Cross-region),International Precautionary Alert: Cereulide toxin risk,Global Health Authorities / Nestlé International,https://www.food.gov.uk/news-alerts/alert/fsa-prin-02-2026,True
516080017Y,Nestlé Nutrition,Global Series Alert,800g,Global (Cross-region),International Precautionary Alert: Cereulide toxin risk,Global Health Authorities / Nestlé International,https://www.food.gov.uk/news-alerts/alert/fsa-prin-02-2026,True
516090017Y,Nestlé Nutrition,Global Series Alert,800g,Global (Cross-region),International Precautionary Alert: Cereulide toxin risk,Global Health Authorities / Nestlé International,https://www.food.gov.uk/news-alerts/alert/fsa-prin-02-2026,True
516100017Y,Nestlé Nutrition,Global Series Alert,800g,Global (Cross-region),International Precautionary Alert: Cereulide toxin risk,Global Health Authorities / Nestlé International,https://www.food.gov.uk/news-alerts/alert/fsa-prin-02-2026,True
5161080621,Guigoz,Guigoz AR/Gest/Optipro 800g,800g,France,Rappel de précaution : Présence potentielle de toxin (Céréulide),Rappel Conso (Gouvernement Français),resources/official_docs/FR_Rappel_Conso_20947.pdf,False
516110017Y,Nestlé Nutrition,Global Series Alert,800g,Global (Cross-region),International Precautionary Alert: Cereulide toxin risk,Global Health Authorities / Nestlé International,https://www.food.gov.uk/news-alerts/alert/fsa-prin-02-2026,True
516120017Y,Nestlé Nutrition,Global Series Alert,800g,Global (Cross-region),International Precautionary Alert: Cereulide toxin risk,Global Health Authorities / Nestlé International,https://www.food.gov.uk/news-alerts/alert/fsa-prin-02-2026,True
516130017Y,Nestlé Nutrition,Global Series Alert,800g,Global (Cross-region),International Precautionary Alert: Cereulide toxin risk,Global Health Authorities / Nestlé International,https://www.food.gov.uk/news-alerts/alert/fsa-prin-02-2026,True
516140017Y,Nestlé Nutrition,Global Series Alert,800g,Global (Cross-region),International Precautionary Alert: Cereulide toxin risk,Global Health Authorities / Nestlé International,https://www.food.gov.uk/news-alerts/alert/fsa-prin-02-2026,True
516150017Y,Nestlé Nutrition,Global Series Alert,800g,Global (Cross-region),International Precautionary Alert: Cereulide toxin risk,Global Health Authorities / Nestlé International,https://www.food.gov.uk/news-alerts/alert/fsa-prin-02-2026,True
516160017Y,Nestlé Nutrition,Global Series Alert,800g,Global (Cross-region),International Precautionary Alert: Cereulide toxin risk,Global Health Authorities / Nestlé International,https://www.food.gov.uk/news-alerts/alert/fsa-prin-02-2026,True
516170017Y,Nestlé Nutrition,Global Series Alert,800g,Global (Cross-region),International Precautionary Alert: Cereulide toxin risk,Global Health Authorities / Nestlé International,https://www.food.gov.uk/news-alerts/alert/fsa-prin-02-2026,True
516180017Y,Nestlé Nutrition,Global Series Alert,800g,Global (Cross-region),International Precautionary Alert: Cereulide toxin risk,Global Health Authorities / Nestlé International,https://www.food.gov.uk/news-alerts/alert/fsa-prin-02-2026,True
516190017Y,Nestlé Nutrition,Global Series Alert,800g,Global (Cross-region),International Precautionary Alert: Cereulide toxin risk,Global Health Authorities / Nestlé International,https://www.food.gov.uk/news-alerts/alert/fsa-prin-02-2026,True
516200017Y,Nestlé Nutrition,Global Series Alert,800g,Global (Cross-region),International Precautionary Alert: Cereulide toxin risk,Global Health Authorities / Nestlé International,https://www.food.gov.uk/news-alerts/alert/fsa-prin-02-2026,True
51620017C1,Illuma,Illuma Organic 2,800g,China (Cross-border),预防性召回：蜡样芽孢杆菌代谢物风险 (Cereulide),雀巢中国官方公告,https://www.cfs.gov.hk/english/press/20260110_12105.html,False
51620017C2,Illuma,Illuma Organic 3,800g,China (Cross-border),预防性召回：蜡样芽孢杆菌代谢物风险 (Cereulide),雀巢中国官方公告,https://www.cfs.gov.hk/english/press/20260110_12105.html,False
5162080621,Guigoz,Guigoz AR/Gest/Optipro 800g,800g,France,Rappel de précaution : Présence potentielle de toxin (Céréulide),Rappel Conso (Gouvernement Français),resources/official_docs/FR_Rappel_Conso_20947.pdf,False
516210017Y,Nestlé Nutrition,Global Series Alert,800g,Global (Cross-region),International Precautionary Alert: Cereulide toxin risk,Global Health Authorities / Nestlé International,https://www.food.gov.uk/news-alerts/alert/fsa-prin-02-2026,True
516220017Y,Nestlé Nutrition,Global Series Alert,800g,Global (Cross-region),International Precautionary Alert: Cereulide toxin risk,Global Health Authorities / Nestlé International,https://www.food.gov.uk/news-alerts/alert/fsa-prin-02-2026,True
516230017Y,Nestlé Nutrition,Global Series Alert,800g,Global (Cross-region),International Precautionary Alert: Cereulide toxin risk,Global Health Authorities / Nestlé International,https://www.food.gov.uk/news-alerts/alert/fsa-prin-02-2026,True
516240017Y,Nestlé Nutrition,Global Series Alert,800g,Global (Cross-region),International Precautionary Alert: Cereulide toxin risk,Global Health Authorities / Nestlé International,https://www.food.gov.uk/news-alerts/alert/fsa-prin-02-2026,True
5163080621,Guigoz,Guigoz AR/Gest/Optipro 800g,800g,France,Rappel de précaution : Présence potentielle de toxin (Céréulide),Rappel Conso (Gouvernement Français),resources/official_docs/FR_Rappel_Conso_20947.pdf,False
51640017V1,Illuma,Illuma Dual 1 800g,800g,China (Cross-border),预防性召回：蜡样芽孢杆菌代谢物风险 (Cereulide),雀巢中国官方公告,https://www.cfs.gov.hk/english/press/20260110_12105.html,False
5164080621,Guigoz,Guigoz AR/Gest/Optipro 800g,800g,France,Rappel de précaution : Présence potentielle de toxin (Céréulide),Rappel Conso (Gouvernement Français),resources/official_docs/FR_Rappel_Conso_20947.pdf,False
5165080621,Guigoz,Guigoz AR/Gest/Optipro 800g,800g,France,Rappel de précaution : Présence potentielle de toxin (Céréulide),Rappel Conso (Gouvernement Français),resources/official_docs/FR_Rappel_Conso_20947.pdf,False
51660742F2,Illuma,Illuma HA 1,800g,China (Cross-border),预防性召回：蜡样芽孢杆菌代谢物风险 (Cereulide),雀巢中国官方公告,https://www.cfs.gov.hk/english/press/20260110_12105.html,False
5166080621,Guigoz,Guigoz AR/Gest/Optipro 800g,800g,France,Rappel de précaution : Présence potentielle de toxin (Céréulide),Rappel Conso (Gouvernement Français),resources/official_docs/FR_Rappel_Conso_20947.pdf,False
51670742C2,Illuma,Illuma HA 2,800g,China (Cross-border),预防性召回：蜡样芽孢杆菌代谢物风险 (Cereulide),雀巢中国官方公告,https://www.cfs.gov.hk/english/press/20260110_12105.html,False
51670742F2,NAN,NaN Care 1,800g,China (Cross-border),预防性召回：蜡样芽孢杆菌代谢物风险 (Cereulide),雀巢中国官方公告,https://www.cfs.gov.hk/english/press/20260110_12105.html,False
5167080621,Guigoz,Guigoz AR/Gest/Optipro 800g,800g,France,Rappel de précaution : Présence potentielle de toxin (Céréulide),Rappel Conso (Gouvernement Français),resources/official_docs/FR_Rappel_Conso_20947.pdf,False
51680742C1,Illuma,Illuma HA 2,800g,China (Cross-border),预防性召回：蜡样芽孢杆菌代谢物风险 (Cereulide),雀巢中国官方公告,https://www.cfs.gov.hk/english/press/20260110_12105.html,False
5168080621,Guigoz,Guigoz AR/Gest/Optipro 800g,800g,France,Rappel de précaution : Présence potentielle de toxin (Céréulide),Rappel Conso (Gouvernement Français),resources/official_docs/FR_Rappel_Conso_20947.pdf,False
51690017Y2,SMA,SMA Alfamino 400g,400g,United Kingdom,Precautionary recall: Possible presence of Cereulide toxin (Bacillus cereus),UK Food Standards Agency (FSA),resources/official_docs/UK_FSA_Advisory_28046.pdf,False
51690017Y3,SMA,SMA Alfamino 400g,400g,United Kingdom,Precautionary recall: Possible presence of Cereulide toxin (Bacillus cereus),UK Food Standards Agency (FSA),resources/official_docs/UK_FSA_Advisory_28046.pdf,False
51690742F3,BEBA,BEBA Expert HA1 800g,800g,China (Cross-border),预防性召回：蜡样芽孢杆菌代谢物风险 (Cereulide),雀巢中国官方公告,https://www.cfs.gov.hk/english/press/20260110_12105.html,False
5169080621,Guigoz,Guigoz AR/Gest/Optipro 800g,800g,France,Rappel de précaution : Présence potentielle de toxin (Céréulide),Rappel Conso (Gouvernement Français),resources/official_docs/FR_Rappel_Conso_20947.pdf,False
517000017Y,Nestlé Nutrition,Global Series Alert,800g,Global (Cross-region),International Precautionary Alert: Cereulide toxin risk,Global Health Authorities / Nestlé International,https://www.food.gov.uk/news-alerts/alert/fsa-prin-02-2026,True
51700017Y1,SMA,SMA Alfamino 400g,400g,United Kingdom,Precautionary recall: Possible presence of Cereulide toxin (Bacillus cereus),UK Food Standards Agency (FSA),resources/official_docs/UK_FSA_Advisory_28046.pdf,False
5170080621,Guigoz,Guigoz AR/Gest/Optipro 800g,800g,France,Rappel de précaution : Présence potentielle de toxin (Céréulide),Rappel Conso (Gouvernement Français),resources/official_docs/FR_Rappel_Conso_20947.pdf,False
517010017Y,Nestlé Nutrition,Global Series Alert,800g,Global (Cross-region),International Precautionary Alert: Cereulide toxin risk,Global Health Authorities / Nestlé International,https://www.food.gov.uk/news-alerts/alert/fsa-prin-02-2026,True
517020017Y,Nestlé Nutrition,Global Series Alert,800g,Global (Cross-region),International Precautionary Alert: Cereulide toxin risk,Global Health Authorities / Nestlé International,https://www.food.gov.uk/news-alerts/alert/fsa-prin-02-2026,True
517030017Y,Nestlé Nutrition,Global Series Alert,800g,Global (Cross-region),International Precautionary Alert: Cereulide toxin risk,Global Health Authorities / Nestlé International,https://www.food.gov.uk/news-alerts/alert/fsa-prin-02-2026,True
517040017Y,Nestlé Nutrition,Global Series Alert,800g,Global (Cross-region),International Precautionary Alert: Cereulide toxin risk,Global Health Authorities / Nestlé International,https://www.food.gov.uk/news-alerts/alert/fsa-prin-02-2026,True
517050017Y,Nestlé Nutrition,Global Series Alert,800g,Global (Cross-region),International Precautionary Alert: Cereulide toxin risk,Global Health Authorities / Nestlé International,https://www.food.gov.uk/news-alerts/alert/fsa-prin-02-2026,True
517060017Y,Nestlé Nutrition,Global Series Alert,800g,Global (Cross-region),International Precautionary Alert: Cereulide toxin risk,Global Health Authorities / Nestlé International,https://www.food.gov.uk/news-alerts/alert/fsa-prin-02-2026,True
517070017Y,Nestlé Nutrition,Global Series Alert,800g,Global (Cross-region),International Precautionary Alert: Cereulide toxin risk,Global Health Authorities / Nestlé International,https://www.food.gov.uk/news-alerts/alert/fsa-prin-02-2026,True
517080017Y,Nestlé Nutrition,Global Series Alert,800g,Global (Cross-region),International Precautionary Alert: Cereulide toxin risk,Global Health Authorities / Nestlé International,https://www.food.gov.uk/news-alerts/alert/fsa-prin-02-2026,True
517090017Y,Nestlé Nutrition,Global Series Alert,800g,Global (Cross-region),International Precautionary Alert: Cereulide toxin risk,Global Health Authorities / Nestlé International,https://www.food.gov.uk/news-alerts/alert/fsa-prin-02-2026,True
517100017Y,Nestlé Nutrition,Global Series Alert,800g,Global (Cross-region),International Precautionary Alert: Cereulide toxin risk,Global Health Authorities / Nestlé International,https://www.food.gov.uk/news-alerts/alert/fsa-prin-02-2026,True
51710017Y1,SMA,SMA Alfamino 400g,400g,United Kingdom,Precautionary recall: Possible presence of Cereulide toxin (Bacillus cereus),UK Food Standards Agency (FSA),resources/official_docs/UK_FSA_Advisory_28046.pdf,False
5171080621,Guigoz,Guigoz AR/Gest/Optipro 800g,800g,France,Rappel de précaution : Présence potentielle de toxin (Céréulide),Rappel Conso (Gouvernement Français),resources/official_docs/FR_Rappel_Conso_20947.pdf,False
517110017Y,Nestlé Nutrition,Global Series Alert,800g,Global (Cross-region),International Precautionary Alert: Cereulide toxin risk,Global Health Authorities / Nestlé International,https://www.food.gov.uk/news-alerts/alert/fsa-prin-02-2026,True
517120017Y,Nestlé Nutrition,Global Series Alert,800g,Global (Cross-region),International Precautionary Alert: Cereulide toxin risk,Global Health Authorities / Nestlé International,https://www.food.gov.uk/news-alerts/alert/fsa-prin-02-2026,True
517130017Y,Nestlé Nutrition,Global Series Alert,800g,Global (Cross-region),International Precautionary Alert: Cereulide toxin risk,Global Health Authorities / Nestlé International,https://www.food.gov.uk/news-alerts/alert/fsa-prin-02-2026,True
517140017Y,Nestlé Nutrition,Global Series Alert,800g,Global (Cross-region),International Precautionary Alert: Cereulide toxin risk,Global Health Authorities / Nestlé International,https://www.food.gov.uk/news-alerts/alert/fsa-prin-02-2026,True
517150017Y,Nestlé Nutrition,Global Series Alert,800g,Global (Cross-region),International Precautionary Alert: Cereulide toxin risk,Global Health Authorities / Nestlé International,https://www.food.gov.uk/news-alerts/alert/fsa-prin-02-2026,True
517160017Y,Nestlé Nutrition,Global Series Alert,800g,Global (Cross-region),International Precautionary Alert: Cereulide toxin risk,Global Health Authorities / Nestlé International,https://www.food.gov.uk/news-alerts/alert/fsa-prin-02-2026,True
517170017Y,Nestlé Nutrition,Global Series Alert,800g,Global (Cross-region),International Precautionary Alert: Cereulide toxin risk,Global Health Authorities / Nestlé International,https://www.food.gov.uk/news-alerts/alert/fsa-prin-02-2026,True
517180017Y,Nestlé Nutrition,Global Series Alert,800g,Global (Cross-region),International Precautionary Alert: Cereulide toxin risk,Global Health Authorities / Nestlé International,https://www.food.gov.uk/news-alerts/alert/fsa-prin-02-2026,True
517190017Y,Nestlé Nutrition,Global Series Alert,800g,Global (Cross-region),International Precautionary Alert: Cereulide toxin risk,Global Health Authorities / Nestlé International,https://www.food.gov.uk/news-alerts/alert/fsa-prin-02-2026,True
517200017Y,Nestlé Nutrition,Global Series Alert,800g,Global (Cross-region),International Precautionary Alert: Cereulide toxin risk,Global Health Authorities / Nestlé International,https://www.food.gov.uk/news-alerts/alert/fsa-prin-02-2026,True
51720742F2,BEBA,BEBA Supreme 1 800g,800g,China (Cross-border),预防性召回：蜡样芽孢杆菌代谢物风险 (Cereulide),雀巢中国官方公告,https://www.cfs.gov.hk/english/press/20260110_12105.html,False
5172080621,Guigoz,Guigoz AR/Gest/Optipro 800g,800g,France,Rappel de précaution : Présence potentielle de toxin (Céréulide),Rappel Conso (Gouvernement Français),resources/official_docs/FR_Rappel_Conso_20947.pdf,False
517210017Y,Nestlé Nutrition,Global Series Alert,800g,Global (Cross-region),International Precautionary Alert: Cereulide toxin risk,Global Health Authorities / Nestlé International,https://www.food.gov.uk/news-alerts/alert/fsa-prin-02-2026,True
517220017Y,Nestlé Nutrition,Global Series Alert,800g,Global (Cross-region),International Precautionary Alert: Cereulide toxin risk,Global Health Authorities / Nestlé International,https://www.food.gov.uk/news-alerts/alert/fsa-prin-02-2026,True
517230017Y,Nestlé Nutrition,Global Series Alert,800g,Global (Cross-region),International Precautionary Alert: Cereulide toxin risk,Global Health Authorities / Nestlé International,https://www.food.gov.uk/news-alerts/alert/fsa-prin-02-2026,True
517240017Y,Nestlé Nutrition,Global Series Alert,800g,Global (Cross-region),International Precautionary Alert: Cereulide toxin risk,Global Health Authorities / Nestlé International,https://www.food.gov.uk/news-alerts/alert/fsa-prin-02-2026,True
5173080621,Guigoz,Guigoz AR/Gest/Optipro 800g,800g,France,Rappel de précaution : Présence potentielle de toxin (Céréulide),Rappel Conso (Gouvernement Français),resources/official_docs/FR_Rappel_Conso_20947.pdf,False
51740017Y1,SMA,SMA Alfamino 400g,400g,United Kingdom,Precautionary recall: Possible presence of Cereulide toxin (Bacillus cereus),UK Food Standards Agency (FSA),resources/official_docs/UK_FSA_Advisory_28046.pdf,False
5174080621,Guigoz,Guigoz AR/Gest/Optipro 800g,800g,France,Rappel de précaution : Présence potentielle de toxin (Céréulide),Rappel Conso (Gouvernement Français),resources/official_docs/FR_Rappel_Conso_20947.pdf,False
5175080621,Guigoz,Guigoz AR/Gest/Optipro 800g,800g,France,Rappel de précaution : Présence potentielle de toxin (Céréulide),Rappel Conso (Gouvernement Français),resources/official_docs/FR_Rappel_Conso_20947.pdf,False
5176080621,Guigoz,Guigoz AR/Gest/Optipro 800g,800g,France,Rappel de précaution : Présence potentielle de toxin (Céréulide),Rappel Conso (Gouvernement Français),resources/official_docs/FR_Rappel_Conso_20947.pdf,False
5177080621,Guigoz,Guigoz AR/Gest/Optipro 800g,800g,France,Rappel de précaution : Présence potentielle de toxin (Céréulide),Rappel Conso (Gouvernement Français),resources/official_docs/FR_Rappel_Conso_20947.pdf,False
5178080621,Guigoz,Guigoz AR/Gest/Optipro 800g,800g,France,Rappel de précaution : Présence potentielle de toxin (Céréulide),Rappel Conso (Gouvernement Français),resources/official_docs/FR_Rappel_Conso_20947.pdf,False
5179080621,Guigoz,Guigoz AR/Gest/Optipro 800g,800g,France,Rappel de précaution : Présence potentielle de toxin (Céréulide),Rappel Conso (Gouvernement Français),resources/official_docs/FR_Rappel_Conso_20947.pdf,False
518000017Y,Nestlé Nutrition,Global Series Alert,800g,Global (Cross-region),International Precautionary Alert: Cereulide toxin risk,Global Health Authorities / Nestlé International,https://www.food.gov.uk/news-alerts/alert/fsa-prin-02-2026,True
5180080621,Guigoz,Guigoz AR/Gest/Optipro 800g,800g,France,Rappel de précaution : Présence potentielle de toxin (Céréulide),Rappel Conso (Gouvernement Français),resources/official_docs/FR_Rappel_Conso_20947.pdf,False
518010017Y,Nestlé Nutrition,Global Series Alert,800g,Global (Cross-region),International Precautionary Alert: Cereulide toxin risk,Global Health Authorities / Nestlé International,https://www.food.gov.uk/news-alerts/alert/fsa-prin-02-2026,True
518020017Y,Nestlé Nutrition,Global Series Alert,800g,Global (Cross-region),International Precautionary Alert: Cereulide toxin risk,Global Health Authorities / Nestlé International,https://www.food.gov.uk/news-alerts/alert/fsa-prin-02-2026,True
518030017Y,Nestlé Nutrition,Global Series Alert,800g,Global (Cross-region),International Precautionary Alert: Cereulide toxin risk,Global Health Authorities / Nestlé International,https://www.food.gov.uk/news-alerts/alert/fsa-prin-02-2026,True
518040017Y,Nestlé Nutrition,Global Series Alert,800g,Global (Cross-region),International Precautionary Alert: Cereulide toxin risk,Global Health Authorities / Nestlé International,https://www.food.gov.uk/news-alerts/alert/fsa-prin-02-2026,True
518050017Y,Nestlé Nutrition,Global Series Alert,800g,Global (Cross-region),International Precautionary Alert: Cereulide toxin risk,Global Health Authorities / Nestlé International,https://www.food.gov.uk/news-alerts/alert/fsa-prin-02-2026,True
518060017Y,Nestlé Nutrition,Global Series Alert,800g,Global (Cross-region),International Precautionary Alert: Cereulide toxin risk,Global Health Authorities / Nestlé International,https://www.food.gov.uk/news-alerts/alert/fsa-prin-02-2026,True
518070017Y,Nestlé Nutrition,Global Series Alert,800g,Global (Cross-region),International Precautionary Alert: Cereulide toxin risk,Global Health Authorities / Nestlé International,https://www.food.gov.uk/news-alerts/alert/fsa-prin-02-2026,True
518080017Y,Nestlé Nutrition,Global Series Alert,800g,Global (Cross-region),International Precautionary Alert: Cereulide toxin risk,Global Health Authorities / Nestlé International,https://www.food.gov.uk/news-alerts/alert/fsa-prin-02-2026,True
518090017Y,Nestlé Nutrition,Global Series Alert,800g,Global (Cross-region),International Precautionary Alert: Cereulide toxin risk,Global Health Authorities / Nestlé International,https://www.food.gov.uk/news-alerts/alert/fsa-prin-02-2026,True
518100017Y,Nestlé Nutrition,Global Series Alert,800g,Global (Cross-region),International Precautionary Alert: Cereulide toxin risk,Global Health Authorities / Nestlé International,https://www.food.gov.uk/news-alerts/alert/fsa-prin-02-2026,True
5181080621,Guigoz,Guigoz AR/Gest/Optipro 800g,800g,France,Rappel de précaution : Présence potentielle de toxin (Céréulide),Rappel Conso (Gouvernement Français),resources/official_docs/FR_Rappel_Conso_20947.pdf,False
518110017Y,Nestlé Nutrition,Global Series Alert,800g,Global (Cross-region),International Precautionary Alert: Cereulide toxin risk,Global Health Authorities / Nestlé International,https://www.food.gov.uk/news-alerts/alert/fsa-prin-02-2026,True
518111423A,NAN,NaN HA 3 900g,900g,China (Mainland),预防性召回：个别原材料存在蜡样芽孢杆菌代谢物（Cereulide）风险,雀巢中国官方公告 / 国家健康委备案,https://www.food.gov.uk/news-alerts/alert/fsa-prin-02-2026,False
518111423T,NAN,NaN HA 3 3x400g,3x400g,China (Mainland),预防性召回：个别原材料存在蜡样芽孢杆菌代谢物（Cereulide）风险,雀巢中国官方公告 / 国家健康委备案,https://www.food.gov.uk/news-alerts/alert/fsa-prin-02-2026,False
518120017Y,Nestlé Nutrition,Global Series Alert,800g,Global (Cross-region),International Precautionary Alert: Cereulide toxin risk,Global Health Authorities / Nestlé International,https://www.food.gov.uk/news-alerts/alert/fsa-prin-02-2026,True
518130017Y,Nestlé Nutrition,Global Series Alert,800g,Global (Cross-region),International Precautionary Alert: Cereulide toxin risk,Global Health Authorities / Nestlé International,https://www.food.gov.uk/news-alerts/alert/fsa-prin-02-2026,True
518140017Y,Nestlé Nutrition,Global Series Alert,800g,Global (Cross-region),International Precautionary Alert: Cereulide toxin risk,Global Health Authorities / Nestlé International,https://www.food.gov.uk/news-alerts/alert/fsa-prin-02-2026,True
518150017Y,Nestlé Nutrition,Global Series Alert,800g,Global (Cross-region),International Precautionary Alert: Cereulide toxin risk,Global Health Authorities / Nestlé International,https://www.food.gov.uk/news-alerts/alert/fsa-prin-02-2026,True
518160017Y,Nestlé Nutrition,Global Series Alert,800g,Global (Cross-region),International Precautionary Alert: Cereulide toxin risk,Global Health Authorities / Nestlé International,https://www.food.gov.uk/news-alerts/alert/fsa-prin-02-2026,True
518170017Y,Nestlé Nutrition,Global Series Alert,800g,Global (Cross-region),International Precautionary Alert: Cereulide toxin risk,Global Health Authorities / Nestlé International,https://www.food.gov.uk/news-alerts/alert/fsa-prin-02-2026,True
518180017Y,Nestlé Nutrition,Global Series Alert,800g,Global (Cross-region),International Precautionary Alert: Cereulide toxin risk,Global Health Authorities / Nestlé International,https://www.food.gov.uk/news-alerts/alert/fsa-prin-02-2026,True
518190017Y,Nestlé Nutrition,Global Series Alert,800g,Global (Cross-region),International Precautionary Alert: Cereulide toxin risk,Global Health Authorities / Nestlé International,https://www.food.gov.uk/news-alerts/alert/fsa-prin-02-2026,True
518200017Y,Nestlé Nutrition,Global Series Alert,800g,Global (Cross-region),International Precautionary Alert: Cereulide toxin risk,Global Health Authorities / Nestlé International,https://www.food.gov.uk/news-alerts/alert/fsa-prin-02-2026,True
5182080621,Guigoz,Guigoz AR/Gest/Optipro 800g,800g,France,Rappel de précaution : Présence potentielle de toxin (Céréulide),Rappel Conso (Gouvernement Français),resources/official_docs/FR_Rappel_Conso_20947.pdf,False
518210017Y,Nestlé Nutrition,Global Series Alert,800g,Global (Cross-region),International Precautionary Alert: Cereulide toxin risk,Global Health Authorities / Nestlé International,https://www.food.gov.uk/news-alerts/alert/fsa-prin-02-2026,True
518211423T,NAN,NaN HA 3 3x400g,3x400g,China (Mainland),预防性召回：个别原材料存在蜡样芽孢杆菌代谢物（Cereulide）风险,雀巢中国官方公告 / 国家健康委备案,https://www.food.gov.uk/news-alerts/alert/fsa-prin-02-2026,False
518220017Y,Nestlé Nutrition,Global Series Alert,800g,Global (Cross-region),International Precautionary Alert: Cereulide toxin risk,Global Health Authorities / Nestlé International,https://www.food.gov.uk/news-alerts/alert/fsa-prin-02-2026,True
518230017Y,Nestlé Nutrition,Global Series Alert,800g,Global (Cross-region),International Precautionary Alert: Cereulide toxin risk,Global Health Authorities / Nestlé International,https://www.food.gov.uk/news-alerts/alert/fsa-prin-02-2026,True
518240017Y,Nestlé Nutrition,Global Series Alert,800g,Global (Cross-region),International Precautionary Alert: Cereulide toxin risk,Global Health Authorities / Nestlé International,https://www.food.gov.uk/news-alerts/alert/fsa-prin-02-2026,True
5183080621,Guigoz,Guigoz AR/Gest/Optipro 800g,800g,France,Rappel de précaution : Présence potentielle de toxin (Céréulide),Rappel Conso (Gouvernement Français),resources/official_docs/FR_Rappel_Conso_20947.pdf,False
5184080621,Guigoz,Guigoz AR/Gest/Optipro 800g,800g,France,Rappel de précaution : Présence potentielle de toxin (Céréulide),Rappel Conso (Gouvernement Français),resources/official_docs/FR_Rappel_Conso_20947.pdf,False
5185080621,Guigoz,Guigoz AR/Gest/Optipro 800g,800g,France,Rappel de précaution : Présence potentielle de toxin (Céréulide),Rappel Conso (Gouvernement Français),resources/official_docs/FR_Rappel_Conso_20947.pdf,False
5185080661,S-26,S-26 AR UAE/Kuwait 400g,400g,Middle East (MENA),Precautionary verification: Quality concern related to raw material,Nestlé MENA Official Release,https://www.food.gov.uk/news-alerts/alert/fsa-prin-02-2026,False
5186080621,Guigoz,Guigoz AR/Gest/Optipro 800g,800g,France,Rappel de précaution : Présence potentielle de toxin (Céréulide),Rappel Conso (Gouvernement Français),resources/official_docs/FR_Rappel_Conso_20947.pdf,False
5187080621,Guigoz,Guigoz AR/Gest/Optipro 800g,800g,France,Rappel de précaution : Présence potentielle de toxin (Céréulide),Rappel Conso (Gouvernement Français),resources/official_docs/FR_Rappel_Conso_20947.pdf,False
5188080621,Guigoz,Guigoz AR/Gest/Optipro 800g,800g,France,Rappel de précaution : Présence potentielle de toxin (Céréulide),Rappel Conso (Gouvernement Français),resources/official_docs/FR_Rappel_Conso_20947.pdf,False
51890742F2,SMA,SMA Follow-on 800g,800g,United Kingdom,Precautionary recall: Possible presence of Cereulide toxin (Bacillus cereus),UK Food Standards Agency (FSA),resources/official_docs/UK_FSA_Advisory_28046.pdf,False
5189080621,Guigoz,Guigoz AR/Gest/Optipro 800g,800g,France,Rappel de précaution : Présence potentielle de toxin (Céréulide),Rappel Conso (Gouvernement Français),resources/official_docs/FR_Rappel_Conso_20947.pdf,False
5190080621,Guigoz,Guigoz AR/Gest/Optipro 800g,800g,France,Rappel de précaution : Présence potentielle de toxin (Céréulide),Rappel Conso (Gouvernement Français),resources/official_docs/FR_Rappel_Conso_20947.pdf,False
5191080621,Guigoz,Guigoz AR/Gest/Optipro 800g,800g,France,Rappel de précaution : Présence potentielle de toxin (Céréulide),Rappel Conso (Gouvernement Français),resources/official_docs/FR_Rappel_Conso_20947.pdf,False
5192080621,Guigoz,Guigoz AR/Gest/Optipro 800g,800g,France,Rappel de précaution : Présence potentielle de toxin (Céréulide),Rappel Conso (Gouvernement Français),resources/official_docs/FR_Rappel_Conso_20947.pdf,False
5193080621,Guigoz,Guigoz AR/Gest/Optipro 800g,800g,France,Rappel de précaution : Présence potentielle de toxin (Céréulide),Rappel Conso (Gouvernement Français),resources/official_docs/FR_Rappel_Conso_20947.pdf,False
5194080621,Guigoz,Guigoz AR/Gest/Optipro 800g,800g,France,Rappel de précaution : Présence potentielle de toxin (Céréulide),Rappel Conso (Gouvernement Français),resources/official_docs/FR_Rappel_Conso_20947.pdf,False
5195080621,Guigoz,Guigoz AR/Gest/Optipro 800g,800g,France,Rappel de précaution : Présence potentielle de toxin (Céréulide),Rappel Conso (Gouvernement Français),resources/official_docs/FR_Rappel_Conso_20947.pdf,False
5196080621,Guigoz,Guigoz AR/Gest/Optipro 800g,800g,France,Rappel de précaution : Présence potentielle de toxin (Céréulide),Rappel Conso (Gouvernement Français),resources/official_docs/FR_Rappel_Conso_20947.pdf,False
5197080621,Guigoz,Guigoz AR/Gest/Optipro 800g,800g,France,Rappel de précaution : Présence potentielle de toxin (Céréulide),Rappel Conso (Gouvernement Français),resources/official_docs/FR_Rappel_Conso_20947.pdf,False
5198080621,Guigoz,Guigoz AR/Gest/Optipro 800g,800g,France,Rappel de précaution : Présence potentielle de toxin (Céréulide),Rappel Conso (Gouvernement Français),resources/official_docs/FR_Rappel_Conso_20947.pdf,False
5199080621,Guigoz,Guigoz AR/Gest/Optipro 800g,800g,France,Rappel de précaution : Présence potentielle de toxin (Céréulide),Rappel Conso (Gouvernement Français),resources/official_docs/FR_Rappel_Conso_20947.pdf,False
5200,Nestlé Nutrition,Production Series,800g,Hong Kong,Precautionary recall: Possible presence of Cereulide Produced by Bacillus Cereus,HK Centre for Food Safety (CFS),https://www.cfs.gov.hk/english/press/20260110_12105.html,True
520000017Y,Nestlé Nutrition,Global Series Alert,800g,Global (Cross-region),International Precautionary Alert: Cereulide toxin risk,Global Health Authorities / Nestlé International,https://www.food.gov.uk/news-alerts/alert/fsa-prin-02-2026,True
5200080621,Guigoz,Guigoz AR/Gest/Optipro 800g,800g,France,Rappel de précaution : Présence potentielle de toxin (Céréulide),Rappel Conso (Gouvernement Français),resources/official_docs/FR_Rappel_Conso_20947.pdf,False
520010017Y,Nestlé Nutrition,Global Series Alert,800g,Global (Cross-region),International Precautionary Alert: Cereulide toxin risk,Global Health Authorities / Nestlé International,https://www.food.gov.uk/news-alerts/alert/fsa-prin-02-2026,True
520020017Y,Nestlé Nutrition,Global Series Alert,800g,Global (Cross-region),International Precautionary Alert: Cereulide toxin risk,Global Health Authorities / Nestlé International,https://www.food.gov.uk/news-alerts/alert/fsa-prin-02-2026,True
520030017Y,Nestlé Nutrition,Global Series Alert,800g,Global (Cross-region),International Precautionary Alert: Cereulide toxin risk,Global Health Authorities / Nestlé International,https://www.food.gov.uk/news-alerts/alert/fsa-prin-02-2026,True
520040017Y,Nestlé Nutrition,Global Series Alert,800g,Global (Cross-region),International Precautionary Alert: Cereulide toxin risk,Global Health Authorities / Nestlé International,https://www.food.gov.uk/news-alerts/alert/fsa-prin-02-2026,True
520050017Y,Nestlé Nutrition,Global Series Alert,800g,Global (Cross-region),International Precautionary Alert: Cereulide toxin risk,Global Health Authorities / Nestlé International,https://www.food.gov.uk/news-alerts/alert/fsa-prin-02-2026,True
520060017Y,Nestlé Nutrition,Global Series Alert,800g,Global (Cross-region),International Precautionary Alert: Cereulide toxin risk,Global Health Authorities / Nestlé International,https://www.food.gov.uk/news-alerts/alert/fsa-prin-02-2026,True
520070017Y,Nestlé Nutrition,Global Series Alert,800g,Global (Cross-region),International Precautionary Alert: Cereulide toxin risk,Global Health Authorities / Nestlé International,https://www.food.gov.uk/news-alerts/alert/fsa-prin-02-2026,True
520080017Y,Nestlé Nutrition,Global Series Alert,800g,Global (Cross-region),International Precautionary Alert: Cereulide toxin risk,Global Health Authorities / Nestlé International,https://www.food.gov.uk/news-alerts/alert/fsa-prin-02-2026,True
520090017Y,Nestlé Nutrition,Global Series Alert,800g,Global (Cross-region),International Precautionary Alert: Cereulide toxin risk,Global Health Authorities / Nestlé International,https://www.food.gov.uk/news-alerts/alert/fsa-prin-02-2026,True
5201,Nestlé Nutrition,Production Series,800g,Hong Kong,Precautionary recall: Possible presence of Cereulide Produced by Bacillus Cereus,HK Centre for Food Safety (CFS),https://www.cfs.gov.hk/english/press/20260110_12105.html,True
520100017Y,Nestlé Nutrition,Global Series Alert,800g,Global (Cross-region),International Precautionary Alert: Cereulide toxin risk,Global Health Authorities / Nestlé International,https://www.food.gov.uk/news-alerts/alert/fsa-prin-02-2026,True
5201080621,Guigoz,Guigoz AR/Gest/Optipro 800g,800g,France,Rappel de précaution : Présence potentielle de toxin (Céréulide),Rappel Conso (Gouvernement Français),resources/official_docs/FR_Rappel_Conso_20947.pdf,False
520110017Y,Nestlé Nutrition,Global Series Alert,800g,Global (Cross-region),International Precautionary Alert: Cereulide toxin risk,Global Health Authorities / Nestlé International,https://www.food.gov.uk/news-alerts/alert/fsa-prin-02-2026,True
520120017Y,Nestlé Nutrition,Global Series Alert,800g,Global (Cross-region),International Precautionary Alert: Cereulide toxin risk,Global Health Authorities / Nestlé International,https://www.food.gov.uk/news-alerts/alert/fsa-prin-02-2026,True
520130017Y,Nestlé Nutrition,Global Series Alert,800g,Global (Cross-region),International Precautionary Alert: Cereulide toxin risk,Global Health Authorities / Nestlé International,https://www.food.gov.uk/news-alerts/alert/fsa-prin-02-2026,True
520140017Y,Nestlé Nutrition,Global Series Alert,800g,Global (Cross-region),International Precautionary Alert: Cereulide toxin risk,Global Health Authorities / Nestlé International,https://www.food.gov.uk/news-alerts/alert/fsa-prin-02-2026,True
520150017Y,Nestlé Nutrition,Global Series Alert,800g,Global (Cross-region),International Precautionary Alert: Cereulide toxin risk,Global Health Authorities / Nestlé International,https://www.food.gov.uk/news-alerts/alert/fsa-prin-02-2026,True
520160017Y,Nestlé Nutrition,Global Series Alert,800g,Global (Cross-region),International Precautionary Alert: Cereulide toxin risk,Global Health Authorities / Nestlé International,https://www.food.gov.uk/news-alerts/alert/fsa-prin-02-2026,True
520170017Y,Nestlé Nutrition,Global Series Alert,800g,Global (Cross-region),International Precautionary Alert: Cereulide toxin risk,Global Health Authorities / Nestlé International,https://www.food.gov.uk/news-alerts/alert/fsa-prin-02-2026,True
520180017Y,Nestlé Nutrition,Global Series Alert,800g,Global (Cross-region),International Precautionary Alert: Cereulide toxin risk,Global Health Authorities / Nestlé International,https://www.food.gov.uk/news-alerts/alert/fsa-prin-02-2026,True
520190017Y,Nestlé Nutrition,Global Series Alert,800g,Global (Cross-region),International Precautionary Alert: Cereulide toxin risk,Global Health Authorities / Nestlé International,https://www.food.gov.uk/news-alerts/alert/fsa-prin-02-2026,True
5202,Nestlé Nutrition,Production Series,800g,Hong Kong,Precautionary recall: Possible presence of Cereulide Produced by Bacillus Cereus,HK Centre for Food Safety (CFS),https://www.cfs.gov.hk/english/press/20260110_12105.html,True
520200017Y,Nestlé Nutrition,Global Series Alert,800g,Global (Cross-region),International Precautionary Alert: Cereulide toxin risk,Global Health Authorities / Nestlé International,https://www.food.gov.uk/news-alerts/alert/fsa-prin-02-2026,True
5202080621,Guigoz,Guigoz AR/Gest/Optipro 800g,800g,France,Rappel de précaution : Présence potentielle de toxin (Céréulide),Rappel Conso (Gouvernement Français),resources/official_docs/FR_Rappel_Conso_20947.pdf,False
520210017Y,Nestlé Nutrition,Global Series Alert,800g,Global (Cross-region),International Precautionary Alert: Cereulide toxin risk,Global Health Authorities / Nestlé International,https://www.food.gov.uk/news-alerts/alert/fsa-prin-02-2026,True
520220017Y,Nestlé Nutrition,Global Series Alert,800g,Global (Cross-region),International Precautionary Alert: Cereulide toxin risk,Global Health Authorities / Nestlé International,https://www.food.gov.uk/news-alerts/alert/fsa-prin-02-2026,True
520230017Y,Nestlé Nutrition,Global Series Alert,800g,Global (Cross-region),International Precautionary Alert: Cereulide toxin risk,Global Health Authorities / Nestlé International,https://www.food.gov.uk/news-alerts/alert/fsa-prin-02-2026,True
520240017Y,Nestlé Nutrition,Global Series Alert,800g,Global (Cross-region),International Precautionary Alert: Cereulide toxin risk,Global Health Authorities / Nestlé International,https://www.food.gov.uk/news-alerts/alert/fsa-prin-02-2026,True
5203,Nestlé Nutrition,Production Series,800g,Hong Kong,Precautionary recall: Possible presence of Cereulide Produced by Bacillus Cereus,HK Centre for Food Safety (CFS),https://www.cfs.gov.hk/english/press/20260110_12105.html,True
52030017Y1,Nestlé Nutrition,Alfamino Infant 400g,400g,Australia/New Zealand,Precautionary recall: Microbial contamination (Cereulide),Food Standards Australia New Zealand (FSANZ),https://www.food.gov.uk/news-alerts/alert/fsa-prin-02-2026,False
5203080621,Guigoz,Guigoz AR/Gest/Optipro 800g,800g,France,Rappel de précaution : Présence potentielle de toxin (Céréulide),Rappel Conso (Gouvernement Français),resources/official_docs/FR_Rappel_Conso_20947.pdf,False
5204,Nestlé Nutrition,Production Series,800g,Hong Kong,Precautionary recall: Possible presence of Cereulide Produced by Bacillus Cereus,HK Centre for Food Safety (CFS),https://www.cfs.gov.hk/english/press/20260110_12105.html,True
5204080621,Guigoz,Guigoz AR/Gest/Optipro 800g,800g,France,Rappel de précaution : Présence potentielle de toxin (Céréulide),Rappel Conso (Gouvernement Français),resources/official_docs/FR_Rappel_Conso_20947.pdf,False
5205,Nestlé Nutrition,Production Series,800g,Hong Kong,Precautionary recall: Possible presence of Cereulide Produced by Bacillus Cereus,HK Centre for Food Safety (CFS),https://www.cfs.gov.hk/english/press/20260110_12105.html,True
5205080621,Guigoz,Guigoz AR/Gest/Optipro 800g,800g,France,Rappel de précaution : Présence potentielle de toxin (Céréulide),Rappel Conso (Gouvernement Français),resources/official_docs/FR_Rappel_Conso_20947.pdf,False
5206,Nestlé Nutrition,Production Series,800g,Hong Kong,Precautionary recall: Possible presence of Cereulide Produced by Bacillus Cereus,HK Centre for Food Safety (CFS),https://www.cfs.gov.hk/english/press/20260110_12105.html,True
5206080621,Guigoz,Guigoz AR/Gest/Optipro 800g,800g,France,Rappel de précaution : Présence potentielle de toxin (Céréulide),Rappel Conso (Gouvernement Français),resources/official_docs/FR_Rappel_Conso_20947.pdf,False
5207,Nestlé Nutrition,Production Series,800g,Hong Kong,Precautionary recall: Possible presence of Cereulide Produced by Bacillus Cereus,HK Centre for Food Safety (CFS),https://www.cfs.gov.hk/english/press/20260110_12105.html,True
52070742F3,Illuma,Illuma HA 3,800g,China (Cross-border),预防性召回：蜡样芽孢杆菌代谢物风险 (Cereulide),雀巢中国官方公告,https://www.cfs.gov.hk/english/press/20260110_12105.html,False
52070742F4,NAN,NaN Care 3,800g,China (Cross-border),预防性召回：蜡样芽孢杆菌代谢物风险 (Cereulide),雀巢中国官方公告,https://www.cfs.gov.hk/english/press/20260110_12105.html,False
5207080621,Guigoz,Guigoz AR/Gest/Optipro 800g,800g,France,Rappel de précaution : Présence potentielle de toxin (Céréulide),Rappel Conso (Gouvernement Français),resources/official_docs/FR_Rappel_Conso_20947.pdf,False
5208,Nestlé Nutrition,Production Series,800g,Hong Kong,Precautionary recall: Possible presence of Cereulide Produced by Bacillus Cereus,HK Centre for Food Safety (CFS),https://www.cfs.gov.hk/english/press/20260110_12105.html,True
5208080621,Guigoz,Guigoz AR/Gest/Optipro 800g,800g,France,Rappel de précaution : Présence potentielle de toxin (Céréulide),Rappel Conso (Gouvernement Français),resources/official_docs/FR_Rappel_Conso_20947.pdf,False
5209,Nestlé Nutrition,Production Series,800g,Hong Kong,Precautionary recall: Possible presence of Cereulide Produced by Bacillus Cereus,HK Centre for Food Safety (CFS),https://www.cfs.gov.hk/english/press/20260110_12105.html,True
5209080621,Guigoz,Guigoz AR/Gest/Optipro 800g,800g,France,Rappel de précaution : Présence potentielle de toxin (Céréulide),Rappel Conso (Gouvernement Français),resources/official_docs/FR_Rappel_Conso_20947.pdf,False
52099722BA,SMA,SMA Anti Reflux 800g,800g,United Kingdom,Precautionary recall: Possible presence of Cereulide toxin (Bacillus cereus),UK Food Standards Agency (FSA),resources/official_docs/UK_FSA_Advisory_28046.pdf,False
5210,Nestlé Nutrition,Production Series,800g,Hong Kong,Precautionary recall: Possible presence of Cereulide Produced by Bacillus Cereus,HK Centre for Food Safety (CFS),https://www.cfs.gov.hk/english/press/20260110_12105.html,True
521000017Y,Nestlé Nutrition,Global Series Alert,800g,Global (Cross-region),International Precautionary Alert: Cereulide toxin risk,Global Health Authorities / Nestlé International,https://www.food.gov.uk/news-alerts/alert/fsa-prin-02-2026,True
521010017Y,Nestlé Nutrition,Global Series Alert,800g,Global (Cross-region),International Precautionary Alert: Cereulide toxin risk,Global Health Authorities / Nestlé International,https://www.food.gov.uk/news-alerts/alert/fsa-prin-02-2026,True
521020017Y,Nestlé Nutrition,Global Series Alert,800g,Global (Cross-region),International Precautionary Alert: Cereulide toxin risk,Global Health Authorities / Nestlé International,https://www.food.gov.uk/news-alerts/alert/fsa-prin-02-2026,True
521030017Y,Nestlé Nutrition,Global Series Alert,800g,Global (Cross-region),International Precautionary Alert: Cereulide toxin risk,Global Health Authorities / Nestlé International,https://www.food.gov.uk/news-alerts/alert/fsa-prin-02-2026,True
521040017Y,Nestlé Nutrition,Global Series Alert,800g,Global (Cross-region),International Precautionary Alert: Cereulide toxin risk,Global Health Authorities / Nestlé International,https://www.food.gov.uk/news-alerts/alert/fsa-prin-02-2026,True
521050017Y,Nestlé Nutrition,Global Series Alert,800g,Global (Cross-region),International Precautionary Alert: Cereulide toxin risk,Global Health Authorities / Nestlé International,https://www.food.gov.uk/news-alerts/alert/fsa-prin-02-2026,True
521060017Y,Nestlé Nutrition,Global Series Alert,800g,Global (Cross-region),International Precautionary Alert: Cereulide toxin risk,Global Health Authorities / Nestlé International,https://www.food.gov.uk/news-alerts/alert/fsa-prin-02-2026,True
521070017Y,Nestlé Nutrition,Global Series Alert,800g,Global (Cross-region),International Precautionary Alert: Cereulide toxin risk,Global Health Authorities / Nestlé International,https://www.food.gov.uk/news-alerts/alert/fsa-prin-02-2026,True
521080017Y,Nestlé Nutrition,Global Series Alert,800g,Global (Cross-region),International Precautionary Alert: Cereulide toxin risk,Global Health Authorities / Nestlé International,https://www.food.gov.uk/news-alerts/alert/fsa-prin-02-2026,True
521090017Y,Nestlé Nutrition,Global Series Alert,800g,Global (Cross-region),International Precautionary Alert: Cereulide toxin risk,Global Health Authorities / Nestlé International,https://www.food.gov.uk/news-alerts/alert/fsa-prin-02-2026,True
5211,Nestlé Nutrition,Production Series,800g,Hong Kong,Precautionary recall: Possible presence of Cereulide Produced by Bacillus Cereus,HK Centre for Food Safety (CFS),https://www.cfs.gov.hk/english/press/20260110_12105.html,True
521100017Y,Nestlé Nutrition,Global Series Alert,800g,Global (Cross-region),International Precautionary Alert: Cereulide toxin risk,Global Health Authorities / Nestlé International,https://www.food.gov.uk/news-alerts/alert/fsa-prin-02-2026,True
521110017Y,Nestlé Nutrition,Global Series Alert,800g,Global (Cross-region),International Precautionary Alert: Cereulide toxin risk,Global Health Authorities / Nestlé International,https://www.food.gov.uk/news-alerts/alert/fsa-prin-02-2026,True
521120017Y,Nestlé Nutrition,Global Series Alert,800g,Global (Cross-region),International Precautionary Alert: Cereulide toxin risk,Global Health Authorities / Nestlé International,https://www.food.gov.uk/news-alerts/alert/fsa-prin-02-2026,True
521130017Y,Nestlé Nutrition,Global Series Alert,800g,Global (Cross-region),International Precautionary Alert: Cereulide toxin risk,Global Health Authorities / Nestlé International,https://www.food.gov.uk/news-alerts/alert/fsa-prin-02-2026,True
521140017Y,Nestlé Nutrition,Global Series Alert,800g,Global (Cross-region),International Precautionary Alert: Cereulide toxin risk,Global Health Authorities / Nestlé International,https://www.food.gov.uk/news-alerts/alert/fsa-prin-02-2026,True
521150017Y,Nestlé Nutrition,Global Series Alert,800g,Global (Cross-region),International Precautionary Alert: Cereulide toxin risk,Global Health Authorities / Nestlé International,https://www.food.gov.uk/news-alerts/alert/fsa-prin-02-2026,True
521160017Y,Nestlé Nutrition,Global Series Alert,800g,Global (Cross-region),International Precautionary Alert: Cereulide toxin risk,Global Health Authorities / Nestlé International,https://www.food.gov.uk/news-alerts/alert/fsa-prin-02-2026,True
521170017Y,Nestlé Nutrition,Global Series Alert,800g,Global (Cross-region),International Precautionary Alert: Cereulide toxin risk,Global Health Authorities / Nestlé International,https://www.food.gov.uk/news-alerts/alert/fsa-prin-02-2026,True
521180017Y,Nestlé Nutrition,Global Series Alert,800g,Global (Cross-region),International Precautionary Alert: Cereulide toxin risk,Global Health Authorities / Nestlé International,https://www.food.gov.uk/news-alerts/alert/fsa-prin-02-2026,True
521190017Y,Nestlé Nutrition,Global Series Alert,800g,Global (Cross-region),International Precautionary Alert: Cereulide toxin risk,Global Health Authorities / Nestlé International,https://www.food.gov.uk/news-alerts/alert/fsa-prin-02-2026,True
5212,Nestlé Nutrition,Production Series,800g,Hong Kong,Precautionary recall: Possible presence of Cereulide Produced by Bacillus Cereus,HK Centre for Food Safety (CFS),https://www.cfs.gov.hk/english/press/20260110_12105.html,True
521200017Y,Nestlé Nutrition,Global Series Alert,800g,Global (Cross-region),International Precautionary Alert: Cereulide toxin risk,Global Health Authorities / Nestlé International,https://www.food.gov.uk/news-alerts/alert/fsa-prin-02-2026,True
521210017Y,Nestlé Nutrition,Global Series Alert,800g,Global (Cross-region),International Precautionary Alert: Cereulide toxin risk,Global Health Authorities / Nestlé International,https://www.food.gov.uk/news-alerts/alert/fsa-prin-02-2026,True
521220017Y,Nestlé Nutrition,Global Series Alert,800g,Global (Cross-region),International Precautionary Alert: Cereulide toxin risk,Global Health Authorities / Nestlé International,https://www.food.gov.uk/news-alerts/alert/fsa-prin-02-2026,True
521230017Y,Nestlé Nutrition,Global Series Alert,800g,Global (Cross-region),International Precautionary Alert: Cereulide toxin risk,Global Health Authorities / Nestlé International,https://www.food.gov.uk/news-alerts/alert/fsa-prin-02-2026,True
521240017Y,Nestlé Nutrition,Global Series Alert,800g,Global (Cross-region),International Precautionary Alert: Cereulide toxin risk,Global Health Authorities / Nestlé International,https://www.food.gov.uk/news-alerts/alert/fsa-prin-02-2026,True
5213,Nestlé Nutrition,Production Series,800g,Hong Kong,Precautionary recall: Possible presence of Cereulide Produced by Bacillus Cereus,HK Centre for Food Safety (CFS),https://www.cfs.gov.hk/english/press/20260110_12105.html,True
5214,Nestlé Nutrition,Production Series,800g,Hong Kong,Precautionary recall: Possible presence of Cereulide Produced by Bacillus Cereus,HK Centre for Food Safety (CFS),https://www.cfs.gov.hk/english/press/20260110_12105.html,True
5215,Nestlé Nutrition,Production Series,800g,Hong Kong,Precautionary recall: Possible presence of Cereulide Produced by Bacillus Cereus,HK Centre for Food Safety (CFS),https://www.cfs.gov.hk/english/press/20260110_12105.html,True
5216,Nestlé Nutrition,Production Series,800g,Hong Kong,Precautionary recall: Possible presence of Cereulide Produced by Bacillus Cereus,HK Centre for Food Safety (CFS),https://www.cfs.gov.hk/english/press/20260110_12105.html,True
5217,Nestlé Nutrition,Production Series,800g,Hong Kong,Precautionary recall: Possible presence of Cereulide Produced by Bacillus Cereus,HK Centre for Food Safety (CFS),https://www.cfs.gov.hk/english/press/20260110_12105.html,True
5218,Nestlé Nutrition,Production Series,800g,Hong Kong,Precautionary recall: Possible presence of Cereulide Produced by Bacillus Cereus,HK Centre for Food Safety (CFS),https://www.cfs.gov.hk/english/press/20260110_12105.html,True
5219,Nestlé Nutrition,Production Series,800g,Hong Kong,Precautionary recall: Possible presence of Cereulide Produced by Bacillus Cereus,HK Centre for Food Safety (CFS),https://www.cfs.gov.hk/english/press/20260110_12105.html,True
5220,Nestlé Nutrition,Production Series,800g,Hong Kong,Precautionary recall: Possible presence of Cereulide Produced by Bacillus Cereus,HK Centre for Food Safety (CFS),https://www.cfs.gov.hk/english/press/20260110_12105.html,True
522000017Y,Nestlé Nutrition,Global Series Alert,800g,Global (Cross-region),International Precautionary Alert: Cereulide toxin risk,Global Health Authorities / Nestlé International,https://www.food.gov.uk/news-alerts/alert/fsa-prin-02-2026,True
522010017Y,Nestlé Nutrition,Global Series Alert,800g,Global (Cross-region),International Precautionary Alert: Cereulide toxin risk,Global Health Authorities / Nestlé International,https://www.food.gov.uk/news-alerts/alert/fsa-prin-02-2026,True
522020017Y,Nestlé Nutrition,Global Series Alert,800g,Global (Cross-region),International Precautionary Alert: Cereulide toxin risk,Global Health Authorities / Nestlé International,https://www.food.gov.uk/news-alerts/alert/fsa-prin-02-2026,True
522030017Y,Nestlé Nutrition,Global Series Alert,800g,Global (Cross-region),International Precautionary Alert: Cereulide toxin risk,Global Health Authorities / Nestlé International,https://www.food.gov.uk/news-alerts/alert/fsa-prin-02-2026,True
522040017Y,Nestlé Nutrition,Global Series Alert,800g,Global (Cross-region),International Precautionary Alert: Cereulide toxin risk,Global Health Authorities / Nestlé International,https://www.food.gov.uk/news-alerts/alert/fsa-prin-02-2026,True
522050017Y,Nestlé Nutrition,Global Series Alert,800g,Global (Cross-region),International Precautionary Alert: Cereulide toxin risk,Global Health Authorities / Nestlé International,https://www.food.gov.uk/news-alerts/alert/fsa-prin-02-2026,True
522060017Y,Nestlé Nutrition,Global Series Alert,800g,Global (Cross-region),International Precautionary Alert: Cereulide toxin risk,Global Health Authorities / Nestlé International,https://www.food.gov.uk/news-alerts/alert/fsa-prin-02-2026,True
522070017Y,Nestlé Nutrition,Global Series Alert,800g,Global (Cross-region),International Precautionary Alert: Cereulide toxin risk,Global Health Authorities / Nestlé International,https://www.food.gov.uk/news-alerts/alert/fsa-prin-02-2026,True
522080017Y,Nestlé Nutrition,Global Series Alert,800g,Global (Cross-region),International Precautionary Alert: Cereulide toxin risk,Global Health Authorities / Nestlé International,https://www.food.gov.uk/news-alerts/alert/fsa-prin-02-2026,True
522090017Y,Nestlé Nutrition,Global Series Alert,800g,Global (Cross-region),International Precautionary Alert: Cereulide toxin risk,Global Health Authorities / Nestlé International,https://www.food.gov.uk/news-alerts/alert/fsa-prin-02-2026,True
5221,Nestlé Nutrition,Production Series,800g,Hong Kong,Precautionary recall: Possible presence of Cereulide Produced by Bacillus Cereus,HK Centre for Food Safety (CFS),https://www.cfs.gov.hk/english/press/20260110_12105.html,True
522100017Y,Nestlé Nutrition,Global Series Alert,800g,Global (Cross-region),International Precautionary Alert: Cereulide toxin risk,Global Health Authorities / Nestlé International,https://www.food.gov.uk/news-alerts/alert/fsa-prin-02-2026,True
522110017Y,Nestlé Nutrition,Global Series Alert,800g,Global (Cross-region),International Precautionary Alert: Cereulide toxin risk,Global Health Authorities / Nestlé International,https://www.food.gov.uk/news-alerts/alert/fsa-prin-02-2026,True
522120017Y,Nestlé Nutrition,Global Series Alert,800g,Global (Cross-region),International Precautionary Alert: Cereulide toxin risk,Global Health Authorities / Nestlé International,https://www.food.gov.uk/news-alerts/alert/fsa-prin-02-2026,True
522130017Y,Nestlé Nutrition,Global Series Alert,800g,Global (Cross-region),International Precautionary Alert: Cereulide toxin risk,Global Health Authorities / Nestlé International,https://www.food.gov.uk/news-alerts/alert/fsa-prin-02-2026,True
522140017Y,Nestlé Nutrition,Global Series Alert,800g,Global (Cross-region),International Precautionary Alert: Cereulide toxin risk,Global Health Authorities / Nestlé International,https://www.food.gov.uk/news-alerts/alert/fsa-prin-02-2026,True
522150017Y,Nestlé Nutrition,Global Series Alert,800g,Global (Cross-region),International Precautionary Alert: Cereulide toxin risk,Global Health Authorities / Nestlé International,https://www.food.gov.uk/news-alerts/alert/fsa-prin-02-2026,True
522160017Y,Nestlé Nutrition,Global Series Alert,800g,Global (Cross-region),International Precautionary Alert: Cereulide toxin risk,Global Health Authorities / Nestlé International,https://www.food.gov.uk/news-alerts/alert/fsa-prin-02-2026,True
522170017Y,Nestlé Nutrition,Global Series Alert,800g,Global (Cross-region),International Precautionary Alert: Cereulide toxin risk,Global Health Authorities / Nestlé International,https://www.food.gov.uk/news-alerts/alert/fsa-prin-02-2026,True
522180017Y,Nestlé Nutrition,Global Series Alert,800g,Global (Cross-region),International Precautionary Alert: Cereulide toxin risk,Global Health Authorities / Nestlé International,https://www.food.gov.uk/news-alerts/alert/fsa-prin-02-2026,True
522190017Y,Nestlé Nutrition,Global Series Alert,800g,Global (Cross-region),International Precautionary Alert: Cereulide toxin risk,Global Health Authorities / Nestlé International,https://www.food.gov.uk/news-alerts/alert/fsa-prin-02-2026,True
5222,Nestlé Nutrition,Production Series,800g,Hong Kong,Precautionary recall: Possible presence of Cereulide Produced by Bacillus Cereus,HK Centre for Food Safety (CFS),https://www.cfs.gov.hk/english/press/20260110_12105.html,True
522200017Y,Nestlé Nutrition,Global Series Alert,800g,Global (Cross-region),International Precautionary Alert: Cereulide toxin risk,Global Health Authorities / Nestlé International,https://www.food.gov.uk/news-alerts/alert/fsa-prin-02-2026,True
522210017Y,Nestlé Nutrition,Global Series Alert,800g,Global (Cross-region),International Precautionary Alert: Cereulide toxin risk,Global Health Authorities / Nestlé International,https://www.food.gov.uk/news-alerts/alert/fsa-prin-02-2026,True
522220017Y,Nestlé Nutrition,Global Series Alert,800g,Global (Cross-region),International Precautionary Alert: Cereulide toxin risk,Global Health Authorities / Nestlé International,https://www.food.gov.uk/news-alerts/alert/fsa-prin-02-2026,True
522230017Y,Nestlé Nutrition,Global Series Alert,800g,Global (Cross-region),International Precautionary Alert: Cereulide toxin risk,Global Health Authorities / Nestlé International,https://www.food.gov.uk/news-alerts/alert/fsa-prin-02-2026,True
522240017Y,Nestlé Nutrition,Global Series Alert,800g,Global (Cross-region),International Precautionary Alert: Cereulide toxin risk,Global Health Authorities / Nestlé International,https://www.food.gov.uk/news-alerts/alert/fsa-prin-02-2026,True
5223,Nestlé Nutrition,Production Series,800g,Hong Kong,Precautionary recall: Possible presence of Cereulide Produced by Bacillus Cereus,HK Centre for Food Safety (CFS),https://www.cfs.gov.hk/english/press/20260110_12105.html,True
5224,Nestlé Nutrition,Production Series,800g,Hong Kong,Precautionary recall: Possible presence of Cereulide Produced by Bacillus Cereus,HK Centre for Food Safety (CFS),https://www.cfs.gov.hk/english/press/20260110_12105.html,True
523000017Y,Nestlé Nutrition,Global Series Alert,800g,Global (Cross-region),International Precautionary Alert: Cereulide toxin risk,Global Health Authorities / Nestlé International,https://www.food.gov.uk/news-alerts/alert/fsa-prin-02-2026,True
523010017Y,Nestlé Nutrition,Global Series Alert,800g,Global (Cross-region),International Precautionary Alert: Cereulide toxin risk,Global Health Authorities / Nestlé International,https://www.food.gov.uk/news-alerts/alert/fsa-prin-02-2026,True
523020017Y,Nestlé Nutrition,Global Series Alert,800g,Global (Cross-region),International Precautionary Alert: Cereulide toxin risk,Global Health Authorities / Nestlé International,https://www.food.gov.uk/news-alerts/alert/fsa-prin-02-2026,True
523030017Y,Nestlé Nutrition,Global Series Alert,800g,Global (Cross-region),International Precautionary Alert: Cereulide toxin risk,Global Health Authorities / Nestlé International,https://www.food.gov.uk/news-alerts/alert/fsa-prin-02-2026,True
523040017Y,Nestlé Nutrition,Global Series Alert,800g,Global (Cross-region),International Precautionary Alert: Cereulide toxin risk,Global Health Authorities / Nestlé International,https://www.food.gov.uk/news-alerts/alert/fsa-prin-02-2026,True
523050017Y,Nestlé Nutrition,Global Series Alert,800g,Global (Cross-region),International Precautionary Alert: Cereulide toxin risk,Global Health Authorities / Nestlé International,https://www.food.gov.uk/news-alerts/alert/fsa-prin-02-2026,True
523060017Y,Nestlé Nutrition,Global Series Alert,800g,Global (Cross-region),International Precautionary Alert: Cereulide toxin risk,Global Health Authorities / Nestlé International,https://www.food.gov.uk/news-alerts/alert/fsa-prin-02-2026,True
523070017Y,Nestlé Nutrition,Global Series Alert,800g,Global (Cross-region),International Precautionary Alert: Cereulide toxin risk,Global Health Authorities / Nestlé International,https://www.food.gov.uk/news-alerts/alert/fsa-prin-02-2026,True
523080017Y,Nestlé Nutrition,Global Series Alert,800g,Global (Cross-region),International Precautionary Alert: Cereulide toxin risk,Global Health Authorities / Nestlé International,https://www.food.gov.uk/news-alerts/alert/fsa-prin-02-2026,True
523090017Y,Nestlé Nutrition,Global Series Alert,800g,Global (Cross-region),International Precautionary Alert: Cereulide toxin risk,Global Health Authorities / Nestlé International,https://www.food.gov.uk/news-alerts/alert/fsa-prin-02-2026,True
523100017Y,Nestlé Nutrition,Global Series Alert,800g,Global (Cross-region),International Precautionary Alert: Cereulide toxin risk,Global Health Authorities / Nestlé International,https://www.food.gov.uk/news-alerts/alert/fsa-prin-02-2026,True
523110017Y,Nestlé Nutrition,Global Series Alert,800g,Global (Cross-region),International Precautionary Alert: Cereulide toxin risk,Global Health Authorities / Nestlé International,https://www.food.gov.uk/news-alerts/alert/fsa-prin-02-2026,True
523120017Y,Nestlé Nutrition,Global Series Alert,800g,Global (Cross-region),International Precautionary Alert: Cereulide toxin risk,Global Health Authorities / Nestlé International,https://www.food.gov.uk/news-alerts/alert/fsa-prin-02-2026,True
523130017Y,Nestlé Nutrition,Global Series Alert,800g,Global (Cross-region),International Precautionary Alert: Cereulide toxin risk,Global Health Authorities / Nestlé International,https://www.food.gov.uk/news-alerts/alert/fsa-prin-02-2026,True
523140017Y,Nestlé Nutrition,Global Series Alert,800g,Global (Cross-region),International Precautionary Alert: Cereulide toxin risk,Global Health Authorities / Nestlé International,https://www.food.gov.uk/news-alerts/alert/fsa-prin-02-2026,True
523150017Y,Nestlé Nutrition,Global Series Alert,800g,Global (Cross-region),International Precautionary Alert: Cereulide toxin risk,Global Health Authorities / Nestlé International,https://www.food.gov.uk/news-alerts/alert/fsa-prin-02-2026,True
523160017Y,Nestlé Nutrition,Global Series Alert,800g,Global (Cross-region),International Precautionary Alert: Cereulide toxin risk,Global Health Authorities / Nestlé International,https://www.food.gov.uk/news-alerts/alert/fsa-prin-02-2026,True
523170017Y,Nestlé Nutrition,Global Series Alert,800g,Global (Cross-region),International Precautionary Alert: Cereulide toxin risk,Global Health Authorities / Nestlé International,https://www.food.gov.uk/news-alerts/alert/fsa-prin-02-2026,True
523180017Y,Nestlé Nutrition,Global Series Alert,800g,Global (Cross-region),International Precautionary Alert: Cereulide toxin risk,Global Health Authorities / Nestlé International,https://www.food.gov.uk/news-alerts/alert/fsa-prin-02-2026,True
523190017Y,Nestlé Nutrition,Global Series Alert,800g,Global (Cross-region),International Precautionary Alert: Cereulide toxin risk,Global Health Authorities / Nestlé International,https://www.food.gov.uk/news-alerts/alert/fsa-prin-02-2026,True
52319722BA,SMA,SMA Advanced First 800g,800g,United Kingdom,Precautionary recall: Possible presence of Cereulide toxin (Bacillus cereus),UK Food Standards Agency (FSA),resources/official_docs/UK_FSA_Advisory_28046.pdf,False
523200017Y,Nestlé Nutrition,Global Series Alert,800g,Global (Cross-region),International Precautionary Alert: Cereulide toxin risk,Global Health Authorities / Nestlé International,https://www.food.gov.uk/news-alerts/alert/fsa-prin-02-2026,True
523210017Y,Nestlé Nutrition,Global Series Alert,800g,Global (Cross-region),International Precautionary Alert: Cereulide toxin risk,Global Health Authorities / Nestlé International,https://www.food.gov.uk/news-alerts/alert/fsa-prin-02-2026,True
523220017Y,Nestlé Nutrition,Global Series Alert,800g,Global (Cross-region),International Precautionary Alert: Cereulide toxin risk,Global Health Authorities / Nestlé International,https://www.food.gov.uk/news-alerts/alert/fsa-prin-02-2026,True
523230017Y,Nestlé Nutrition,Global Series Alert,800g,Global (Cross-region),International Precautionary Alert: Cereulide toxin risk,Global Health Authorities / Nestlé International,https://www.food.gov.uk/news-alerts/alert/fsa-prin-02-2026,True
523240017Y,Nestlé Nutrition,Global Series Alert,800g,Global (Cross-region),International Precautionary Alert: Cereulide toxin risk,Global Health Authorities / Nestlé International,https://www.food.gov.uk/news-alerts/alert/fsa-prin-02-2026,True
524000017Y,Nestlé Nutrition,Global Series Alert,800g,Global (Cross-region),International Precautionary Alert: Cereulide toxin risk,Global Health Authorities / Nestlé International,https://www.food.gov.uk/news-alerts/alert/fsa-prin-02-2026,True
524010017Y,Nestlé Nutrition,Global Series Alert,800g,Global (Cross-region),International Precautionary Alert: Cereulide toxin risk,Global Health Authorities / Nestlé International,https://www.food.gov.uk/news-alerts/alert/fsa-prin-02-2026,True
524020017Y,Nestlé Nutrition,Global Series Alert,800g,Global (Cross-region),International Precautionary Alert: Cereulide toxin risk,Global Health Authorities / Nestlé International,https://www.food.gov.uk/news-alerts/alert/fsa-prin-02-2026,True
524030017Y,Nestlé Nutrition,Global Series Alert,800g,Global (Cross-region),International Precautionary Alert: Cereulide toxin risk,Global Health Authorities / Nestlé International,https://www.food.gov.uk/news-alerts/alert/fsa-prin-02-2026,True
524040017Y,Nestlé Nutrition,Global Series Alert,800g,Global (Cross-region),International Precautionary Alert: Cereulide toxin risk,Global Health Authorities / Nestlé International,https://www.food.gov.uk/news-alerts/alert/fsa-prin-02-2026,True
524050017Y,Nestlé Nutrition,Global Series Alert,800g,Global (Cross-region),International Precautionary Alert: Cereulide toxin risk,Global Health Authorities / Nestlé International,https://www.food.gov.uk/news-alerts/alert/fsa-prin-02-2026,True
524060017Y,Nestlé Nutrition,Global Series Alert,800g,Global (Cross-region),International Precautionary Alert: Cereulide toxin risk,Global Health Authorities / Nestlé International,https://www.food.gov.uk/news-alerts/alert/fsa-prin-02-2026,True
524070017Y,Nestlé Nutrition,Global Series Alert,800g,Global (Cross-region),International Precautionary Alert: Cereulide toxin risk,Global Health Authorities / Nestlé International,https://www.food.gov.uk/news-alerts/alert/fsa-prin-02-2026,True
524080017Y,Nestlé Nutrition,Global Series Alert,800g,Global (Cross-region),International Precautionary Alert: Cereulide toxin risk,Global Health Authorities / Nestlé International,https://www.food.gov.uk/news-alerts/alert/fsa-prin-02-2026,True
524090017Y,Nestlé Nutrition,Global Series Alert,800g,Global (Cross-region),International Precautionary Alert: Cereulide toxin risk,Global Health Authorities / Nestlé International,https://www.food.gov.uk/news-alerts/alert/fsa-prin-02-2026,True
524100017Y,Nestlé Nutrition,Global Series Alert,800g,Global (Cross-region),International Precautionary Alert: Cereulide toxin risk,Global Health Authorities / Nestlé International,https://www.food.gov.uk/news-alerts/alert/fsa-prin-02-2026,True
524110017Y,Nestlé Nutrition,Global Series Alert,800g,Global (Cross-region),International Precautionary Alert: Cereulide toxin risk,Global Health Authorities / Nestlé International,https://www.food.gov.uk/news-alerts/alert/fsa-prin-02-2026,True
524120017Y,Nestlé Nutrition,Global Series Alert,800g,Global (Cross-region),International Precautionary Alert: Cereulide toxin risk,Global Health Authorities / Nestlé International,https://www.food.gov.uk/news-alerts/alert/fsa-prin-02-2026,True
524130017Y,Nestlé Nutrition,Global Series Alert,800g,Global (Cross-region),International Precautionary Alert: Cereulide toxin risk,Global Health Authorities / Nestlé International,https://www.food.gov.uk/news-alerts/alert/fsa-prin-02-2026,True
524140017Y,Nestlé Nutrition,Global Series Alert,800g,Global (Cross-region),International Precautionary Alert: Cereulide toxin risk,Global Health Authorities / Nestlé International,https://www.food.gov.uk/news-alerts/alert/fsa-prin-02-2026,True
524150017Y,Nestlé Nutrition,Global Series Alert,800g,Global (Cross-region),International Precautionary Alert: Cereulide toxin risk,Global Health Authorities / Nestlé International,https://www.food.gov.uk/news-alerts/alert/fsa-prin-02-2026,True
524160017Y,Nestlé Nutrition,Global Series Alert,800g,Global (Cross-region),International Precautionary Alert: Cereulide toxin risk,Global Health Authorities / Nestlé International,https://www.food.gov.uk/news-alerts/alert/fsa-prin-02-2026,True
524170017Y,Nestlé Nutrition,Global Series Alert,800g,Global (Cross-region),International Precautionary Alert: Cereulide toxin risk,Global Health Authorities / Nestlé International,https://www.food.gov.uk/news-alerts/alert/fsa-prin-02-2026,True
524180017Y,Nestlé Nutrition,Global Series Alert,800g,Global (Cross-region),International Precautionary Alert: Cereulide toxin risk,Global Health Authorities / Nestlé International,https://www.food.gov.uk/news-alerts/alert/fsa-prin-02-2026,True
524190017Y,Nestlé Nutrition,Global Series Alert,800g,Global (Cross-region),International Precautionary Alert: Cereulide toxin risk,Global Health Authorities / Nestlé International,https://www.food.gov.uk/news-alerts/alert/fsa-prin-02-2026,True
524200017Y,Nestlé Nutrition,Global Series Alert,800g,Global (Cross-region),International Precautionary Alert: Cereulide toxin risk,Global Health Authorities / Nestlé International,https://www.food.gov.uk/news-alerts/alert/fsa-prin-02-2026,True
524210017Y,Nestlé Nutrition,Global Series Alert,800g,Global (Cross-region),International Precautionary Alert: Cereulide toxin risk,Global Health Authorities / Nestlé International,https://www.food.gov.uk/news-alerts/alert/fsa-prin-02-2026,True
524220017Y,Nestlé Nutrition,Global Series Alert,800g,Global (Cross-region),International Precautionary Alert: Cereulide toxin risk,Global Health Authorities / Nestlé International,https://www.food.gov.uk/news-alerts/alert/fsa-prin-02-2026,True
524230017Y,Nestlé Nutrition,Global Series Alert,800g,Global (Cross-region),International Precautionary Alert: Cereulide toxin risk,Global Health Authorities / Nestlé International,https://www.food.gov.uk/news-alerts/alert/fsa-prin-02-2026,True
524240017Y,Nestlé Nutrition,Global Series Alert,800g,Global (Cross-region),International Precautionary Alert: Cereulide toxin risk,Global Health Authorities / Nestlé International,https://www.food.gov.uk/news-alerts/alert/fsa-prin-02-2026,True
524411423T,NAN,NaN HA 3 3x400g,3x400g,China (Mainland),预防性召回：个别原材料存在蜡样芽孢杆菌代谢物（Cereulide）风险,雀巢中国官方公告 / 国家健康委备案,https://www.food.gov.uk/news-alerts/alert/fsa-prin-02-2026,False
524411423U,NAN,NaN HA 3 3x400g,3x400g,China (Mainland),预防性召回：个别原材料存在蜡样芽孢杆菌代谢物（Cereulide）风险,雀巢中国官方公告 / 国家健康委备案,https://www.food.gov.uk/news-alerts/alert/fsa-prin-02-2026,False
524511423A,NAN,NaN HA 2 900g,900g,China (Mainland),预防性召回：个别原材料存在蜡样芽孢杆菌代谢物（Cereulide）风险,雀巢中国官方公告 / 国家健康委备案,https://www.food.gov.uk/news-alerts/alert/fsa-prin-02-2026,False
524511423B,NAN,NaN HA 2 900g,900g,China (Mainland),预防性召回：个别原材料存在蜡样芽孢杆菌代谢物（Cereulide）风险,雀巢中国官方公告 / 国家健康委备案,https://www.food.gov.uk/news-alerts/alert/fsa-prin-02-2026,False
524511423C,NAN,NaN HA 3 900g,900g,China (Mainland),预防性召回：个别原材料存在蜡样芽孢杆菌代谢物（Cereulide）风险,雀巢中国官方公告 / 国家健康委备案,https://www.food.gov.uk/news-alerts/alert/fsa-prin-02-2026,False
524511423T,NAN,NaN HA 3 3x400g,3x400g,China (Mainland),预防性召回：个别原材料存在蜡样芽孢杆菌代谢物（Cereulide）风险,雀巢中国官方公告 / 国家健康委备案,https://www.food.gov.uk/news-alerts/alert/fsa-prin-02-2026,False
524611423A,NAN,NaN HA 1 900g,900g,China (Mainland),预防性召回：个别原材料存在蜡样芽孢杆菌代谢物（Cereulide）风险,雀巢中国官方公告 / 国家健康委备案,https://www.food.gov.uk/news-alerts/alert/fsa-prin-02-2026,False
524611423C,NAN,NaN HA 1 900g,900g,China (Mainland),预防性召回：个别原材料存在蜡样芽孢杆菌代谢物（Cereulide）风险,雀巢中国官方公告 / 国家健康委备案,https://www.food.gov.uk/news-alerts/alert/fsa-prin-02-2026,False
524611423T,NAN,NaN HA 3 3x400g,3x400g,China (Mainland),预防性召回：个别原材料存在蜡样芽孢杆菌代谢物（Cereulide）风险,雀巢中国官方公告 / 国家健康委备案,https://www.food.gov.uk/news-alerts/alert/fsa-prin-02-2026,False
52461142CA,NAN,NaN HA 2 900g,900g,China (Mainland),预防性召回：个别原材料存在蜡样芽孢杆菌代谢物（Cereulide）风险,雀巢中国官方公告 / 国家健康委备案,https://www.food.gov.uk/news-alerts/alert/fsa-prin-02-2026,False
52470017C3,Illuma,Illuma Future 3 800g,800g,China (Cross-border),预防性召回：蜡样芽孢杆菌代谢物风险 (Cereulide),雀巢中国官方公告,https://www.cfs.gov.hk/english/press/20260110_12105.html,False
525000017Y,Nestlé Nutrition,Global Series Alert,800g,Global (Cross-region),International Precautionary Alert: Cereulide toxin risk,Global Health Authorities / Nestlé International,https://www.food.gov.uk/news-alerts/alert/fsa-prin-02-2026,True
525010017Y,Nestlé Nutrition,Global Series Alert,800g,Global (Cross-region),International Precautionary Alert: Cereulide toxin risk,Global Health Authorities / Nestlé International,https://www.food.gov.uk/news-alerts/alert/fsa-prin-02-2026,True
525020017Y,Nestlé Nutrition,Global Series Alert,800g,Global (Cross-region),International Precautionary Alert: Cereulide toxin risk,Global Health Authorities / Nestlé International,https://www.food.gov.uk/news-alerts/alert/fsa-prin-02-2026,True
525030017Y,Nestlé Nutrition,Global Series Alert,800g,Global (Cross-region),International Precautionary Alert: Cereulide toxin risk,Global Health Authorities / Nestlé International,https://www.food.gov.uk/news-alerts/alert/fsa-prin-02-2026,True
525040017Y,Nestlé Nutrition,Global Series Alert,800g,Global (Cross-region),International Precautionary Alert: Cereulide toxin risk,Global Health Authorities / Nestlé International,https://www.food.gov.uk/news-alerts/alert/fsa-prin-02-2026,True
525050017Y,Nestlé Nutrition,Global Series Alert,800g,Global (Cross-region),International Precautionary Alert: Cereulide toxin risk,Global Health Authorities / Nestlé International,https://www.food.gov.uk/news-alerts/alert/fsa-prin-02-2026,True
525060017Y,Nestlé Nutrition,Global Series Alert,800g,Global (Cross-region),International Precautionary Alert: Cereulide toxin risk,Global Health Authorities / Nestlé International,https://www.food.gov.uk/news-alerts/alert/fsa-prin-02-2026,True
525070017Y,Nestlé Nutrition,Global Series Alert,800g,Global (Cross-region),International Precautionary Alert: Cereulide toxin risk,Global Health Authorities / Nestlé International,https://www.food.gov.uk/news-alerts/alert/fsa-prin-02-2026,True
525080017Y,Nestlé Nutrition,Global Series Alert,800g,Global (Cross-region),International Precautionary Alert: Cereulide toxin risk,Global Health Authorities / Nestlé International,https://www.food.gov.uk/news-alerts/alert/fsa-prin-02-2026,True
525090017Y,Nestlé Nutrition,Global Series Alert,800g,Global (Cross-region),International Precautionary Alert: Cereulide toxin risk,Global Health Authorities / Nestlé International,https://www.food.gov.uk/news-alerts/alert/fsa-prin-02-2026,True
525100017Y,Nestlé Nutrition,Global Series Alert,800g,Global (Cross-region),International Precautionary Alert: Cereulide toxin risk,Global Health Authorities / Nestlé International,https://www.food.gov.uk/news-alerts/alert/fsa-prin-02-2026,True
525110017Y,Nestlé Nutrition,Global Series Alert,800g,Global (Cross-region),International Precautionary Alert: Cereulide toxin risk,Global Health Authorities / Nestlé International,https://www.food.gov.uk/news-alerts/alert/fsa-prin-02-2026,True
525120017Y,Nestlé Nutrition,Global Series Alert,800g,Global (Cross-region),International Precautionary Alert: Cereulide toxin risk,Global Health Authorities / Nestlé International,https://www.food.gov.uk/news-alerts/alert/fsa-prin-02-2026,True
525130017Y,Nestlé Nutrition,Global Series Alert,800g,Global (Cross-region),International Precautionary Alert: Cereulide toxin risk,Global Health Authorities / Nestlé International,https://www.food.gov.uk/news-alerts/alert/fsa-prin-02-2026,True
525140017Y,Nestlé Nutrition,Global Series Alert,800g,Global (Cross-region),International Precautionary Alert: Cereulide toxin risk,Global Health Authorities / Nestlé International,https://www.food.gov.uk/news-alerts/alert/fsa-prin-02-2026,True
525150017Y,Nestlé Nutrition,Global Series Alert,800g,Global (Cross-region),International Precautionary Alert: Cereulide toxin risk,Global Health Authorities / Nestlé International,https://www.food.gov.uk/news-alerts/alert/fsa-prin-02-2026,True
525160017Y,Nestlé Nutrition,Global Series Alert,800g,Global (Cross-region),International Precautionary Alert: Cereulide toxin risk,Global Health Authorities / Nestlé International,https://www.food.gov.uk/news-alerts/alert/fsa-prin-02-2026,True
525170017Y,Nestlé Nutrition,Global Series Alert,800g,Global (Cross-region),International Precautionary Alert: Cereulide toxin risk,Global Health Authorities / Nestlé International,https://www.food.gov.uk/news-alerts/alert/fsa-prin-02-2026,True
525180017Y,Nestlé Nutrition,Global Series Alert,800g,Global (Cross-region),International Precautionary Alert: Cereulide toxin risk,Global Health Authorities / Nestlé International,https://www.food.gov.uk/news-alerts/alert/fsa-prin-02-2026,True
525190017Y,Nestlé Nutrition,Global Series Alert,800g,Global (Cross-region),International Precautionary Alert: Cereulide toxin risk,Global Health Authorities / Nestlé International,https://www.food.gov.uk/news-alerts/alert/fsa-prin-02-2026,True
525200017Y,Nestlé Nutrition,Global Series Alert,800g,Global (Cross-region),International Precautionary Alert: Cereulide toxin risk,Global Health Authorities / Nestlé International,https://www.food.gov.uk/news-alerts/alert/fsa-prin-02-2026,True
525210017Y,Nestlé Nutrition,Global Series Alert,800g,Global (Cross-region),International Precautionary Alert: Cereulide toxin risk,Global Health Authorities / Nestlé International,https://www.food.gov.uk/news-alerts/alert/fsa-prin-02-2026,True
525220017Y,Nestlé Nutrition,Global Series Alert,800g,Global (Cross-region),International Precautionary Alert: Cereulide toxin risk,Global Health Authorities / Nestlé International,https://www.food.gov.uk/news-alerts/alert/fsa-prin-02-2026,True
525230017Y,Nestlé Nutrition,Global Series Alert,800g,Global (Cross-region),International Precautionary Alert: Cereulide toxin risk,Global Health Authorities / Nestlé International,https://www.food.gov.uk/news-alerts/alert/fsa-prin-02-2026,True
525240017Y,Nestlé Nutrition,Global Series Alert,800g,Global (Cross-region),International Precautionary Alert: Cereulide toxin risk,Global Health Authorities / Nestlé International,https://www.food.gov.uk/news-alerts/alert/fsa-prin-02-2026,True
525311423U,Lactogen,Lactogen 2 400g,400g,China (Mainland),预防性召回：个别原材料存在蜡样芽孢杆菌代谢物（Cereulide）风险,雀巢中国官方公告 / 国家健康委备案,https://www.food.gov.uk/news-alerts/alert/fsa-prin-02-2026,False
525401896A,Nestlé Nutrition,NAN Optipro 6-12mo 400g,400g,Philippines,Voluntary Recall: Detection of low levels of cereulide in a raw material,Philippines FDA Advisory No.2026-0030,https://www.fda.gov.ph/fda-advisory-no-2026-0030-voluntary-recall-of-nan-optipro-and-nankid-optipro-products/,False
525411423A,Lactogen,Lactogen 2 900g,900g,China (Mainland),预防性召回：个别原材料存在蜡样芽孢杆菌代谢物（Cereulide）风险,雀巢中国官方公告 / 国家健康委备案,https://www.food.gov.uk/news-alerts/alert/fsa-prin-02-2026,False
525411423B,Lactogen,Lactogen 1 900g,900g,China (Mainland),预防性召回：个别原材料存在蜡样芽孢杆菌代谢物（Cereulide）风险,雀巢中国官方公告 / 国家健康委备案,https://www.food.gov.uk/news-alerts/alert/fsa-prin-02-2026,False
525411423T,Lactogen,Lactogen 2 400g,400g,China (Mainland),预防性召回：个别原材料存在蜡样芽孢杆菌代谢物（Cereulide）风险,雀巢中国官方公告 / 国家健康委备案,https://www.food.gov.uk/news-alerts/alert/fsa-prin-02-2026,False
525411423U,Lactogen,Lactogen 1 400g,400g,China (Mainland),预防性召回：个别原材料存在蜡样芽孢杆菌代谢物（Cereulide）风险,雀巢中国官方公告 / 国家健康委备案,https://www.food.gov.uk/news-alerts/alert/fsa-prin-02-2026,False
52580017C2,Illuma,Illuma Future 2 800g,800g,China (Cross-border),预防性召回：蜡样芽孢杆菌代谢物风险 (Cereulide),雀巢中国官方公告,https://www.cfs.gov.hk/english/press/20260110_12105.html,False
52590017A2,Illuma,Illuma Future 2 370g,370g,China (Cross-border),预防性召回：蜡样芽孢杆菌代谢物风险 (Cereulide),雀巢中国官方公告,https://www.cfs.gov.hk/english/press/20260110_12105.html,False
526000017Y,Nestlé Nutrition,Global Series Alert,800g,Global (Cross-region),International Precautionary Alert: Cereulide toxin risk,Global Health Authorities / Nestlé International,https://www.food.gov.uk/news-alerts/alert/fsa-prin-02-2026,True
526010017Y,Nestlé Nutrition,Global Series Alert,800g,Global (Cross-region),International Precautionary Alert: Cereulide toxin risk,Global Health Authorities / Nestlé International,https://www.food.gov.uk/news-alerts/alert/fsa-prin-02-2026,True
526020017Y,Nestlé Nutrition,Global Series Alert,800g,Global (Cross-region),International Precautionary Alert: Cereulide toxin risk,Global Health Authorities / Nestlé International,https://www.food.gov.uk/news-alerts/alert/fsa-prin-02-2026,True
526030017Y,Nestlé Nutrition,Global Series Alert,800g,Global (Cross-region),International Precautionary Alert: Cereulide toxin risk,Global Health Authorities / Nestlé International,https://www.food.gov.uk/news-alerts/alert/fsa-prin-02-2026,True
526040017Y,Nestlé Nutrition,Global Series Alert,800g,Global (Cross-region),International Precautionary Alert: Cereulide toxin risk,Global Health Authorities / Nestlé International,https://www.food.gov.uk/news-alerts/alert/fsa-prin-02-2026,True
526050017Y,Nestlé Nutrition,Global Series Alert,800g,Global (Cross-region),International Precautionary Alert: Cereulide toxin risk,Global Health Authorities / Nestlé International,https://www.food.gov.uk/news-alerts/alert/fsa-prin-02-2026,True
526060017Y,Nestlé Nutrition,Global Series Alert,800g,Global (Cross-region),International Precautionary Alert: Cereulide toxin risk,Global Health Authorities / Nestlé International,https://www.food.gov.uk/news-alerts/alert/fsa-prin-02-2026,True
526070017Y,Nestlé Nutrition,Global Series Alert,800g,Global (Cross-region),International Precautionary Alert: Cereulide toxin risk,Global Health Authorities / Nestlé International,https://www.food.gov.uk/news-alerts/alert/fsa-prin-02-2026,True
526080017Y,Nestlé Nutrition,Global Series Alert,800g,Global (Cross-region),International Precautionary Alert: Cereulide toxin risk,Global Health Authorities / Nestlé International,https://www.food.gov.uk/news-alerts/alert/fsa-prin-02-2026,True
526090017Y,Nestlé Nutrition,Global Series Alert,800g,Global (Cross-region),International Precautionary Alert: Cereulide toxin risk,Global Health Authorities / Nestlé International,https://www.food.gov.uk/news-alerts/alert/fsa-prin-02-2026,True
526100017Y,Nestlé Nutrition,Global Series Alert,800g,Global (Cross-region),International Precautionary Alert: Cereulide toxin risk,Global Health Authorities / Nestlé International,https://www.food.gov.uk/news-alerts/alert/fsa-prin-02-2026,True
526110017Y,Nestlé Nutrition,Global Series Alert,800g,Global (Cross-region),International Precautionary Alert: Cereulide toxin risk,Global Health Authorities / Nestlé International,https://www.food.gov.uk/news-alerts/alert/fsa-prin-02-2026,True
526120017Y,Nestlé Nutrition,Global Series Alert,800g,Global (Cross-region),International Precautionary Alert: Cereulide toxin risk,Global Health Authorities / Nestlé International,https://www.food.gov.uk/news-alerts/alert/fsa-prin-02-2026,True
526130017Y,Nestlé Nutrition,Global Series Alert,800g,Global (Cross-region),International Precautionary Alert: Cereulide toxin risk,Global Health Authorities / Nestlé International,https://www.food.gov.uk/news-alerts/alert/fsa-prin-02-2026,True
526140017Y,Nestlé Nutrition,Global Series Alert,800g,Global (Cross-region),International Precautionary Alert: Cereulide toxin risk,Global Health Authorities / Nestlé International,https://www.food.gov.uk/news-alerts/alert/fsa-prin-02-2026,True
526150017Y,Nestlé Nutrition,Global Series Alert,800g,Global (Cross-region),International Precautionary Alert: Cereulide toxin risk,Global Health Authorities / Nestlé International,https://www.food.gov.uk/news-alerts/alert/fsa-prin-02-2026,True
526160017Y,Nestlé Nutrition,Global Series Alert,800g,Global (Cross-region),International Precautionary Alert: Cereulide toxin risk,Global Health Authorities / Nestlé International,https://www.food.gov.uk/news-alerts/alert/fsa-prin-02-2026,True
526170017Y,Nestlé Nutrition,Global Series Alert,800g,Global (Cross-region),International Precautionary Alert: Cereulide toxin risk,Global Health Authorities / Nestlé International,https://www.food.gov.uk/news-alerts/alert/fsa-prin-02-2026,True
526180017Y,Nestlé Nutrition,Global Series Alert,800g,Global (Cross-region),International Precautionary Alert: Cereulide toxin risk,Global Health Authorities / Nestlé International,https://www.food.gov.uk/news-alerts/alert/fsa-prin-02-2026,True
526190017Y,Nestlé Nutrition,Global Series Alert,800g,Global (Cross-region),International Precautionary Alert: Cereulide toxin risk,Global Health Authorities / Nestlé International,https://www.food.gov.uk/news-alerts/alert/fsa-prin-02-2026,True
526200017Y,Nestlé Nutrition,Global Series Alert,800g,Global (Cross-region),International Precautionary Alert: Cereulide toxin risk,Global Health Authorities / Nestlé International,https://www.food.gov.uk/news-alerts/alert/fsa-prin-02-2026,True
526210017Y,Nestlé Nutrition,Global Series Alert,800g,Global (Cross-region),International Precautionary Alert: Cereulide toxin risk,Global Health Authorities / Nestlé International,https://www.food.gov.uk/news-alerts/alert/fsa-prin-02-2026,True
526220017Y,Nestlé Nutrition,Global Series Alert,800g,Global (Cross-region),International Precautionary Alert: Cereulide toxin risk,Global Health Authorities / Nestlé International,https://www.food.gov.uk/news-alerts/alert/fsa-prin-02-2026,True
526230017Y,Nestlé Nutrition,Global Series Alert,800g,Global (Cross-region),International Precautionary Alert: Cereulide toxin risk,Global Health Authorities / Nestlé International,https://www.food.gov.uk/news-alerts/alert/fsa-prin-02-2026,True
526240017Y,Nestlé Nutrition,Global Series Alert,800g,Global (Cross-region),International Precautionary Alert: Cereulide toxin risk,Global Health Authorities / Nestlé International,https://www.food.gov.uk/news-alerts/alert/fsa-prin-02-2026,True
526711423B,NAN,NaN SUPREMEpro 3 850g,850g,China (Mainland),预防性召回：个别原材料存在蜡样芽孢杆菌代谢物（Cereulide）风险,雀巢中国官方公告 / 国家健康委备案,https://www.food.gov.uk/news-alerts/alert/fsa-prin-02-2026,False
526711423C,NAN,NaN SUPREMEpro 2 850g,850g,China (Mainland),预防性召回：个别原材料存在蜡样芽孢杆菌代谢物（Cereulide）风险,雀巢中国官方公告 / 国家健康委备案,https://www.food.gov.uk/news-alerts/alert/fsa-prin-02-2026,False
526811423A,NAN,NaN SUPREMEpro 1 850g,850g,China (Mainland),预防性召回：个别原材料存在蜡样芽孢杆菌代谢物（Cereulide）风险,雀巢中国官方公告 / 国家健康委备案,https://www.food.gov.uk/news-alerts/alert/fsa-prin-02-2026,False
526901896A6,Nestlé Nutrition,NAN Optipro 0-6mo 400g,400g,Philippines,Voluntary Recall: Detection of low levels of cereulide in a raw material,Philippines FDA Advisory No.2026-0030,https://www.fda.gov.ph/fda-advisory-no-2026-0030-voluntary-recall-of-nan-optipro-and-nankid-optipro-products/,False
526911423A,NAN,NaN SUPREMEpro 3 200g,200g,China (Mainland),预防性召回：个别原材料存在蜡样芽孢杆菌代谢物（Cereulide）风险,雀巢中国官方公告 / 国家健康委备案,https://www.food.gov.uk/news-alerts/alert/fsa-prin-02-2026,False
526911423B,NAN,NaN SUPREMEpro 2 200g,200g,China (Mainland),预防性召回：个别原材料存在蜡样芽孢杆菌代谢物（Cereulide）风险,雀巢中国官方公告 / 国家健康委备案,https://www.food.gov.uk/news-alerts/alert/fsa-prin-02-2026,False
527000017Y,Nestlé Nutrition,Global Series Alert,800g,Global (Cross-region),International Precautionary Alert: Cereulide toxin risk,Global Health Authorities / Nestlé International,https://www.food.gov.uk/news-alerts/alert/fsa-prin-02-2026,True
527010017Y,Nestlé Nutrition,Global Series Alert,800g,Global (Cross-region),International Precautionary Alert: Cereulide toxin risk,Global Health Authorities / Nestlé International,https://www.food.gov.uk/news-alerts/alert/fsa-prin-02-2026,True
527020017Y,Nestlé Nutrition,Global Series Alert,800g,Global (Cross-region),International Precautionary Alert: Cereulide toxin risk,Global Health Authorities / Nestlé International,https://www.food.gov.uk/news-alerts/alert/fsa-prin-02-2026,True
527030017Y,Nestlé Nutrition,Global Series Alert,800g,Global (Cross-region),International Precautionary Alert: Cereulide toxin risk,Global Health Authorities / Nestlé International,https://www.food.gov.uk/news-alerts/alert/fsa-prin-02-2026,True
527040017Y,Nestlé Nutrition,Global Series Alert,800g,Global (Cross-region),International Precautionary Alert: Cereulide toxin risk,Global Health Authorities / Nestlé International,https://www.food.gov.uk/news-alerts/alert/fsa-prin-02-2026,True
527050017Y,Nestlé Nutrition,Global Series Alert,800g,Global (Cross-region),International Precautionary Alert: Cereulide toxin risk,Global Health Authorities / Nestlé International,https://www.food.gov.uk/news-alerts/alert/fsa-prin-02-2026,True
527060017Y,Nestlé Nutrition,Global Series Alert,800g,Global (Cross-region),International Precautionary Alert: Cereulide toxin risk,Global Health Authorities / Nestlé International,https://www.food.gov.uk/news-alerts/alert/fsa-prin-02-2026,True
527070017Y,Nestlé Nutrition,Global Series Alert,800g,Global (Cross-region),International Precautionary Alert: Cereulide toxin risk,Global Health Authorities / Nestlé International,https://www.food.gov.uk/news-alerts/alert/fsa-prin-02-2026,True
527080017Y,Nestlé Nutrition,Global Series Alert,800g,Global (Cross-region),International Precautionary Alert: Cereulide toxin risk,Global Health Authorities / Nestlé International,https://www.food.gov.uk/news-alerts/alert/fsa-prin-02-2026,True
527090017Y,Nestlé Nutrition,Global Series Alert,800g,Global (Cross-region),International Precautionary Alert: Cereulide toxin risk,Global Health Authorities / Nestlé International,https://www.food.gov.uk/news-alerts/alert/fsa-prin-02-2026,True
527100017Y,Nestlé Nutrition,Global Series Alert,800g,Global (Cross-region),International Precautionary Alert: Cereulide toxin risk,Global Health Authorities / Nestlé International,https://www.food.gov.uk/news-alerts/alert/fsa-prin-02-2026,True
5271080661,S-26,S-26 AR UAE 400g,400g,Middle East (MENA),Precautionary verification: Quality concern related to raw material,Nestlé MENA Official Release,https://www.food.gov.uk/news-alerts/alert/fsa-prin-02-2026,False
527110017Y,Nestlé Nutrition,Global Series Alert,800g,Global (Cross-region),International Precautionary Alert: Cereulide toxin risk,Global Health Authorities / Nestlé International,https://www.food.gov.uk/news-alerts/alert/fsa-prin-02-2026,True
527111423A,S-26,Wyeth S-26 800g,800g,China (Mainland),预防性召回：个别原材料存在蜡样芽孢杆菌代谢物（Cereulide）风险,雀巢中国官方公告 / 国家健康委备案,https://www.food.gov.uk/news-alerts/alert/fsa-prin-02-2026,False
527120017Y,Nestlé Nutrition,Global Series Alert,800g,Global (Cross-region),International Precautionary Alert: Cereulide toxin risk,Global Health Authorities / Nestlé International,https://www.food.gov.uk/news-alerts/alert/fsa-prin-02-2026,True
527130017Y,Nestlé Nutrition,Global Series Alert,800g,Global (Cross-region),International Precautionary Alert: Cereulide toxin risk,Global Health Authorities / Nestlé International,https://www.food.gov.uk/news-alerts/alert/fsa-prin-02-2026,True
527140017Y,Nestlé Nutrition,Global Series Alert,800g,Global (Cross-region),International Precautionary Alert: Cereulide toxin risk,Global Health Authorities / Nestlé International,https://www.food.gov.uk/news-alerts/alert/fsa-prin-02-2026,True
527150017Y,Nestlé Nutrition,Global Series Alert,800g,Global (Cross-region),International Precautionary Alert: Cereulide toxin risk,Global Health Authorities / Nestlé International,https://www.food.gov.uk/news-alerts/alert/fsa-prin-02-2026,True
527160017Y,Nestlé Nutrition,Global Series Alert,800g,Global (Cross-region),International Precautionary Alert: Cereulide toxin risk,Global Health Authorities / Nestlé International,https://www.food.gov.uk/news-alerts/alert/fsa-prin-02-2026,True
527170017Y,Nestlé Nutrition,Global Series Alert,800g,Global (Cross-region),International Precautionary Alert: Cereulide toxin risk,Global Health Authorities / Nestlé International,https://www.food.gov.uk/news-alerts/alert/fsa-prin-02-2026,True
527180017Y,Nestlé Nutrition,Global Series Alert,800g,Global (Cross-region),International Precautionary Alert: Cereulide toxin risk,Global Health Authorities / Nestlé International,https://www.food.gov.uk/news-alerts/alert/fsa-prin-02-2026,True
527190017Y,Nestlé Nutrition,Global Series Alert,800g,Global (Cross-region),International Precautionary Alert: Cereulide toxin risk,Global Health Authorities / Nestlé International,https://www.food.gov.uk/news-alerts/alert/fsa-prin-02-2026,True
527200017Y,Nestlé Nutrition,Global Series Alert,800g,Global (Cross-region),International Precautionary Alert: Cereulide toxin risk,Global Health Authorities / Nestlé International,https://www.food.gov.uk/news-alerts/alert/fsa-prin-02-2026,True
527210017Y,Nestlé Nutrition,Global Series Alert,800g,Global (Cross-region),International Precautionary Alert: Cereulide toxin risk,Global Health Authorities / Nestlé International,https://www.food.gov.uk/news-alerts/alert/fsa-prin-02-2026,True
527220017Y,Nestlé Nutrition,Global Series Alert,800g,Global (Cross-region),International Precautionary Alert: Cereulide toxin risk,Global Health Authorities / Nestlé International,https://www.food.gov.uk/news-alerts/alert/fsa-prin-02-2026,True
527230017Y,Nestlé Nutrition,Global Series Alert,800g,Global (Cross-region),International Precautionary Alert: Cereulide toxin risk,Global Health Authorities / Nestlé International,https://www.food.gov.uk/news-alerts/alert/fsa-prin-02-2026,True
527240017Y,Nestlé Nutrition,Global Series Alert,800g,Global (Cross-region),International Precautionary Alert: Cereulide toxin risk,Global Health Authorities / Nestlé International,https://www.food.gov.uk/news-alerts/alert/fsa-prin-02-2026,True
52730346BB,Nidal,Nidal Nidalgest 1 1.2kg,2kg,France,Rappel de précaution : Présence potentielle de toxin (Céréulide),Rappel Conso (Gouvernement Français),resources/official_docs/FR_Rappel_Conso_20947.pdf,False
52740346AB,Nidal,Nidal Nidalgest 1 800g,800g,France,Rappel de précaution : Présence potentielle de toxin (Céréulide),Rappel Conso (Gouvernement Français),resources/official_docs/FR_Rappel_Conso_20947.pdf,False
52740346AD,Nestlé Nutrition,LITTLE STEPS First 800g,800g,United Kingdom,Precautionary recall: Possible presence of Cereulide toxin (Bacillus cereus),UK Food Standards Agency (FSA),resources/official_docs/UK_FSA_Advisory_28046.pdf,False
52740346BA,SMA,SMA First Milk 1.2kg,2kg,United Kingdom,Precautionary recall: Possible presence of Cereulide toxin (Bacillus cereus),UK Food Standards Agency (FSA),resources/official_docs/UK_FSA_Advisory_28046.pdf,False
52750346AD,SMA,SMA First Milk 400g,400g,United Kingdom,Precautionary recall: Possible presence of Cereulide toxin (Bacillus cereus),UK Food Standards Agency (FSA),resources/official_docs/UK_FSA_Advisory_28046.pdf,False
52750346AE,SMA,SMA First Milk 800g,800g,United Kingdom,Precautionary recall: Possible presence of Cereulide toxin (Bacillus cereus),UK Food Standards Agency (FSA),resources/official_docs/UK_FSA_Advisory_28046.pdf,False
52750346BA,SMA,SMA First Milk 1.2kg,2kg,United Kingdom,Precautionary recall: Possible presence of Cereulide toxin (Bacillus cereus),UK Food Standards Agency (FSA),resources/official_docs/UK_FSA_Advisory_28046.pdf,False
52760017Y5,SMA,SMA Alfamino 400g,400g,United Kingdom,Precautionary recall: Possible presence of Cereulide toxin (Bacillus cereus),UK Food Standards Agency (FSA),resources/official_docs/UK_FSA_Advisory_28046.pdf,False
52760346AB,SMA,SMA First Milk 800g,800g,United Kingdom,Precautionary recall: Possible presence of Cereulide toxin (Bacillus cereus),UK Food Standards Agency (FSA),resources/official_docs/UK_FSA_Advisory_28046.pdf,False
52760346AD,SMA,SMA First Milk 800g,800g,United Kingdom,Precautionary recall: Possible presence of Cereulide toxin (Bacillus cereus),UK Food Standards Agency (FSA),resources/official_docs/UK_FSA_Advisory_28046.pdf,False
52770017V2,NAN,NaN Care 3,800g,China (Cross-border),预防性召回：蜡样芽孢杆菌代谢物风险 (Cereulide),雀巢中国官方公告,https://www.cfs.gov.hk/english/press/20260110_12105.html,False
52780346AA,SMA,SMA First Milk 800g,800g,United Kingdom,Precautionary recall: Possible presence of Cereulide toxin (Bacillus cereus),UK Food Standards Agency (FSA),resources/official_docs/UK_FSA_Advisory_28046.pdf,False
52790017Y1,SMA,SMA Alfamino 400g,400g,United Kingdom,Precautionary recall: Possible presence of Cereulide toxin (Bacillus cereus),UK Food Standards Agency (FSA),resources/official_docs/UK_FSA_Advisory_28046.pdf,False
528000017Y,Nestlé Nutrition,Global Series Alert,800g,Global (Cross-region),International Precautionary Alert: Cereulide toxin risk,Global Health Authorities / Nestlé International,https://www.food.gov.uk/news-alerts/alert/fsa-prin-02-2026,True
528010017Y,Nestlé Nutrition,Global Series Alert,800g,Global (Cross-region),International Precautionary Alert: Cereulide toxin risk,Global Health Authorities / Nestlé International,https://www.food.gov.uk/news-alerts/alert/fsa-prin-02-2026,True
528020017Y,Nestlé Nutrition,Global Series Alert,800g,Global (Cross-region),International Precautionary Alert: Cereulide toxin risk,Global Health Authorities / Nestlé International,https://www.food.gov.uk/news-alerts/alert/fsa-prin-02-2026,True
528030017Y,Nestlé Nutrition,Global Series Alert,800g,Global (Cross-region),International Precautionary Alert: Cereulide toxin risk,Global Health Authorities / Nestlé International,https://www.food.gov.uk/news-alerts/alert/fsa-prin-02-2026,True
528040017Y,Nestlé Nutrition,Global Series Alert,800g,Global (Cross-region),International Precautionary Alert: Cereulide toxin risk,Global Health Authorities / Nestlé International,https://www.food.gov.uk/news-alerts/alert/fsa-prin-02-2026,True
528050017Y,Nestlé Nutrition,Global Series Alert,800g,Global (Cross-region),International Precautionary Alert: Cereulide toxin risk,Global Health Authorities / Nestlé International,https://www.food.gov.uk/news-alerts/alert/fsa-prin-02-2026,True
528060017Y,Nestlé Nutrition,Global Series Alert,800g,Global (Cross-region),International Precautionary Alert: Cereulide toxin risk,Global Health Authorities / Nestlé International,https://www.food.gov.uk/news-alerts/alert/fsa-prin-02-2026,True
528070017Y,Nestlé Nutrition,Global Series Alert,800g,Global (Cross-region),International Precautionary Alert: Cereulide toxin risk,Global Health Authorities / Nestlé International,https://www.food.gov.uk/news-alerts/alert/fsa-prin-02-2026,True
528080017Y,Nestlé Nutrition,Global Series Alert,800g,Global (Cross-region),International Precautionary Alert: Cereulide toxin risk,Global Health Authorities / Nestlé International,https://www.food.gov.uk/news-alerts/alert/fsa-prin-02-2026,True
528090017Y,Nestlé Nutrition,Global Series Alert,800g,Global (Cross-region),International Precautionary Alert: Cereulide toxin risk,Global Health Authorities / Nestlé International,https://www.food.gov.uk/news-alerts/alert/fsa-prin-02-2026,True
528100017Y,Nestlé Nutrition,Global Series Alert,800g,Global (Cross-region),International Precautionary Alert: Cereulide toxin risk,Global Health Authorities / Nestlé International,https://www.food.gov.uk/news-alerts/alert/fsa-prin-02-2026,True
528110017Y,Nestlé Nutrition,Global Series Alert,800g,Global (Cross-region),International Precautionary Alert: Cereulide toxin risk,Global Health Authorities / Nestlé International,https://www.food.gov.uk/news-alerts/alert/fsa-prin-02-2026,True
528120017Y,Nestlé Nutrition,Global Series Alert,800g,Global (Cross-region),International Precautionary Alert: Cereulide toxin risk,Global Health Authorities / Nestlé International,https://www.food.gov.uk/news-alerts/alert/fsa-prin-02-2026,True
528130017Y,Nestlé Nutrition,Global Series Alert,800g,Global (Cross-region),International Precautionary Alert: Cereulide toxin risk,Global Health Authorities / Nestlé International,https://www.food.gov.uk/news-alerts/alert/fsa-prin-02-2026,True
528140017Y,Nestlé Nutrition,Global Series Alert,800g,Global (Cross-region),International Precautionary Alert: Cereulide toxin risk,Global Health Authorities / Nestlé International,https://www.food.gov.uk/news-alerts/alert/fsa-prin-02-2026,True
528150017Y,Nestlé Nutrition,Global Series Alert,800g,Global (Cross-region),International Precautionary Alert: Cereulide toxin risk,Global Health Authorities / Nestlé International,https://www.food.gov.uk/news-alerts/alert/fsa-prin-02-2026,True
528160017Y,Nestlé Nutrition,Global Series Alert,800g,Global (Cross-region),International Precautionary Alert: Cereulide toxin risk,Global Health Authorities / Nestlé International,https://www.food.gov.uk/news-alerts/alert/fsa-prin-02-2026,True
528170017Y,Nestlé Nutrition,Global Series Alert,800g,Global (Cross-region),International Precautionary Alert: Cereulide toxin risk,Global Health Authorities / Nestlé International,https://www.food.gov.uk/news-alerts/alert/fsa-prin-02-2026,True
528180017Y,Nestlé Nutrition,Global Series Alert,800g,Global (Cross-region),International Precautionary Alert: Cereulide toxin risk,Global Health Authorities / Nestlé International,https://www.food.gov.uk/news-alerts/alert/fsa-prin-02-2026,True
528190017Y,Nestlé Nutrition,Global Series Alert,800g,Global (Cross-region),International Precautionary Alert: Cereulide toxin risk,Global Health Authorities / Nestlé International,https://www.food.gov.uk/news-alerts/alert/fsa-prin-02-2026,True
52819722AA,SMA,SMA Advanced First 800g,800g,United Kingdom,Precautionary recall: Possible presence of Cereulide toxin (Bacillus cereus),UK Food Standards Agency (FSA),resources/official_docs/UK_FSA_Advisory_28046.pdf,False
528200017Y,Nestlé Nutrition,Global Series Alert,800g,Global (Cross-region),International Precautionary Alert: Cereulide toxin risk,Global Health Authorities / Nestlé International,https://www.food.gov.uk/news-alerts/alert/fsa-prin-02-2026,True
528210017Y,Nestlé Nutrition,Global Series Alert,800g,Global (Cross-region),International Precautionary Alert: Cereulide toxin risk,Global Health Authorities / Nestlé International,https://www.food.gov.uk/news-alerts/alert/fsa-prin-02-2026,True
528220017Y,Nestlé Nutrition,Global Series Alert,800g,Global (Cross-region),International Precautionary Alert: Cereulide toxin risk,Global Health Authorities / Nestlé International,https://www.food.gov.uk/news-alerts/alert/fsa-prin-02-2026,True
528230017Y,Nestlé Nutrition,Global Series Alert,800g,Global (Cross-region),International Precautionary Alert: Cereulide toxin risk,Global Health Authorities / Nestlé International,https://www.food.gov.uk/news-alerts/alert/fsa-prin-02-2026,True
528240017Y,Nestlé Nutrition,Global Series Alert,800g,Global (Cross-region),International Precautionary Alert: Cereulide toxin risk,Global Health Authorities / Nestlé International,https://www.food.gov.uk/news-alerts/alert/fsa-prin-02-2026,True
52850017C3,Illuma,Illuma Dual 2 800g,800g,China (Cross-border),预防性召回：蜡样芽孢杆菌代谢物风险 (Cereulide),雀巢中国官方公告,https://www.cfs.gov.hk/english/press/20260110_12105.html,False
52850742F2,BEBA,BEBA Supreme 3 830g,830g,China (Cross-border),预防性召回：蜡样芽孢杆菌代谢物风险 (Cereulide),雀巢中国官方公告,https://www.cfs.gov.hk/english/press/20260110_12105.html,False
528511423B,Lactogen,Lactogen 2 900g,900g,China (Mainland),预防性召回：个别原材料存在蜡样芽孢杆菌代谢物（Cereulide）风险,雀巢中国官方公告 / 国家健康委备案,https://www.food.gov.uk/news-alerts/alert/fsa-prin-02-2026,False
528511423C,NAN,NaN HA 3 900g,900g,China (Mainland),预防性召回：个别原材料存在蜡样芽孢杆菌代谢物（Cereulide）风险,雀巢中国官方公告 / 国家健康委备案,https://www.food.gov.uk/news-alerts/alert/fsa-prin-02-2026,False
528511423T,NAN,NaN HA 3 3x400g,3x400g,China (Mainland),预防性召回：个别原材料存在蜡样芽孢杆菌代谢物（Cereulide）风险,雀巢中国官方公告 / 国家健康委备案,https://www.food.gov.uk/news-alerts/alert/fsa-prin-02-2026,False
52860017Y1,SMA,SMA Alfamino 400g,400g,United Kingdom,Precautionary recall: Possible presence of Cereulide toxin (Bacillus cereus),UK Food Standards Agency (FSA),resources/official_docs/UK_FSA_Advisory_28046.pdf,False
52860295M,SMA,SMA First Milk 200ml,200ml,United Kingdom,Precautionary recall: Possible presence of Cereulide toxin (Bacillus cereus),UK Food Standards Agency (FSA),resources/official_docs/UK_FSA_Advisory_28046.pdf,False
528611423U,Lactogen,Lactogen 2 400g,400g,China (Mainland),预防性召回：个别原材料存在蜡样芽孢杆菌代谢物（Cereulide）风险,雀巢中国官方公告 / 国家健康委备案,https://www.food.gov.uk/news-alerts/alert/fsa-prin-02-2026,False
52870295M,SMA,SMA First Milk 200ml,200ml,United Kingdom,Precautionary recall: Possible presence of Cereulide toxin (Bacillus cereus),UK Food Standards Agency (FSA),resources/official_docs/UK_FSA_Advisory_28046.pdf,False
52879722AA,SMA,SMA Follow-on 800g,800g,United Kingdom,Precautionary recall: Possible presence of Cereulide toxin (Bacillus cereus),UK Food Standards Agency (FSA),resources/official_docs/UK_FSA_Advisory_28046.pdf,False
52880742F1,Guigoz,Guigoz 1 6x230ml,6x230ml,France,Rappel de précaution : Présence potentielle de toxin (Céréulide),Rappel Conso (Gouvernement Français),resources/official_docs/FR_Rappel_Conso_20947.pdf,False
528901896B,Nestlé Nutrition,NAN Optipro 6-12mo 450g,450g,Philippines,Voluntary Recall: Detection of low levels of cereulide in a raw material,Philippines FDA Advisory No.2026-0030,https://www.fda.gov.ph/fda-advisory-no-2026-0030-voluntary-recall-of-nan-optipro-and-nankid-optipro-products/,False
529000017Y,Nestlé Nutrition,Global Series Alert,800g,Global (Cross-region),International Precautionary Alert: Cereulide toxin risk,Global Health Authorities / Nestlé International,https://www.food.gov.uk/news-alerts/alert/fsa-prin-02-2026,True
529010017Y,Nestlé Nutrition,Global Series Alert,800g,Global (Cross-region),International Precautionary Alert: Cereulide toxin risk,Global Health Authorities / Nestlé International,https://www.food.gov.uk/news-alerts/alert/fsa-prin-02-2026,True
529020017Y,Nestlé Nutrition,Global Series Alert,800g,Global (Cross-region),International Precautionary Alert: Cereulide toxin risk,Global Health Authorities / Nestlé International,https://www.food.gov.uk/news-alerts/alert/fsa-prin-02-2026,True
529030017Y,Nestlé Nutrition,Global Series Alert,800g,Global (Cross-region),International Precautionary Alert: Cereulide toxin risk,Global Health Authorities / Nestlé International,https://www.food.gov.uk/news-alerts/alert/fsa-prin-02-2026,True
529040017Y,Nestlé Nutrition,Global Series Alert,800g,Global (Cross-region),International Precautionary Alert: Cereulide toxin risk,Global Health Authorities / Nestlé International,https://www.food.gov.uk/news-alerts/alert/fsa-prin-02-2026,True
529050017Y,Nestlé Nutrition,Global Series Alert,800g,Global (Cross-region),International Precautionary Alert: Cereulide toxin risk,Global Health Authorities / Nestlé International,https://www.food.gov.uk/news-alerts/alert/fsa-prin-02-2026,True
529060017Y,Nestlé Nutrition,Global Series Alert,800g,Global (Cross-region),International Precautionary Alert: Cereulide toxin risk,Global Health Authorities / Nestlé International,https://www.food.gov.uk/news-alerts/alert/fsa-prin-02-2026,True
529070017Y,Nestlé Nutrition,Global Series Alert,800g,Global (Cross-region),International Precautionary Alert: Cereulide toxin risk,Global Health Authorities / Nestlé International,https://www.food.gov.uk/news-alerts/alert/fsa-prin-02-2026,True
529080017Y,Nestlé Nutrition,Global Series Alert,800g,Global (Cross-region),International Precautionary Alert: Cereulide toxin risk,Global Health Authorities / Nestlé International,https://www.food.gov.uk/news-alerts/alert/fsa-prin-02-2026,True
529090017Y,Nestlé Nutrition,Global Series Alert,800g,Global (Cross-region),International Precautionary Alert: Cereulide toxin risk,Global Health Authorities / Nestlé International,https://www.food.gov.uk/news-alerts/alert/fsa-prin-02-2026,True
529100017Y,Nestlé Nutrition,Global Series Alert,800g,Global (Cross-region),International Precautionary Alert: Cereulide toxin risk,Global Health Authorities / Nestlé International,https://www.food.gov.uk/news-alerts/alert/fsa-prin-02-2026,True
52910017C1,Illuma,Illuma Dual 3 800g,800g,China (Cross-border),预防性召回：蜡样芽孢杆菌代谢物风险 (Cereulide),雀巢中国官方公告,https://www.cfs.gov.hk/english/press/20260110_12105.html,False
529110017Y,Nestlé Nutrition,Global Series Alert,800g,Global (Cross-region),International Precautionary Alert: Cereulide toxin risk,Global Health Authorities / Nestlé International,https://www.food.gov.uk/news-alerts/alert/fsa-prin-02-2026,True
529120017Y,Nestlé Nutrition,Global Series Alert,800g,Global (Cross-region),International Precautionary Alert: Cereulide toxin risk,Global Health Authorities / Nestlé International,https://www.food.gov.uk/news-alerts/alert/fsa-prin-02-2026,True
529130017Y,Nestlé Nutrition,Global Series Alert,800g,Global (Cross-region),International Precautionary Alert: Cereulide toxin risk,Global Health Authorities / Nestlé International,https://www.food.gov.uk/news-alerts/alert/fsa-prin-02-2026,True
529140017Y,Nestlé Nutrition,Global Series Alert,800g,Global (Cross-region),International Precautionary Alert: Cereulide toxin risk,Global Health Authorities / Nestlé International,https://www.food.gov.uk/news-alerts/alert/fsa-prin-02-2026,True
529150017Y,Nestlé Nutrition,Global Series Alert,800g,Global (Cross-region),International Precautionary Alert: Cereulide toxin risk,Global Health Authorities / Nestlé International,https://www.food.gov.uk/news-alerts/alert/fsa-prin-02-2026,True
529160017Y,Nestlé Nutrition,Global Series Alert,800g,Global (Cross-region),International Precautionary Alert: Cereulide toxin risk,Global Health Authorities / Nestlé International,https://www.food.gov.uk/news-alerts/alert/fsa-prin-02-2026,True
529170017Y,Nestlé Nutrition,Global Series Alert,800g,Global (Cross-region),International Precautionary Alert: Cereulide toxin risk,Global Health Authorities / Nestlé International,https://www.food.gov.uk/news-alerts/alert/fsa-prin-02-2026,True
529180017Y,Nestlé Nutrition,Global Series Alert,800g,Global (Cross-region),International Precautionary Alert: Cereulide toxin risk,Global Health Authorities / Nestlé International,https://www.food.gov.uk/news-alerts/alert/fsa-prin-02-2026,True
529190017Y,Nestlé Nutrition,Global Series Alert,800g,Global (Cross-region),International Precautionary Alert: Cereulide toxin risk,Global Health Authorities / Nestlé International,https://www.food.gov.uk/news-alerts/alert/fsa-prin-02-2026,True
529200017Y,Nestlé Nutrition,Global Series Alert,800g,Global (Cross-region),International Precautionary Alert: Cereulide toxin risk,Global Health Authorities / Nestlé International,https://www.food.gov.uk/news-alerts/alert/fsa-prin-02-2026,True
529210017Y,Nestlé Nutrition,Global Series Alert,800g,Global (Cross-region),International Precautionary Alert: Cereulide toxin risk,Global Health Authorities / Nestlé International,https://www.food.gov.uk/news-alerts/alert/fsa-prin-02-2026,True
529220017Y,Nestlé Nutrition,Global Series Alert,800g,Global (Cross-region),International Precautionary Alert: Cereulide toxin risk,Global Health Authorities / Nestlé International,https://www.food.gov.uk/news-alerts/alert/fsa-prin-02-2026,True
529230017Y,Nestlé Nutrition,Global Series Alert,800g,Global (Cross-region),International Precautionary Alert: Cereulide toxin risk,Global Health Authorities / Nestlé International,https://www.food.gov.uk/news-alerts/alert/fsa-prin-02-2026,True
529240017Y,Nestlé Nutrition,Global Series Alert,800g,Global (Cross-region),International Precautionary Alert: Cereulide toxin risk,Global Health Authorities / Nestlé International,https://www.food.gov.uk/news-alerts/alert/fsa-prin-02-2026,True
52930017C3,NAN,NaN A2 2,800g,China (Cross-border),预防性召回：蜡样芽孢杆菌代谢物风险 (Cereulide),雀巢中国官方公告,https://www.cfs.gov.hk/english/press/20260110_12105.html,False
52970742C1,NAN,NaN Care 1,800g,China (Cross-border),预防性召回：蜡样芽孢杆菌代谢物风险 (Cereulide),雀巢中国官方公告,https://www.cfs.gov.hk/english/press/20260110_12105.html,False
52970742F1,NAN,NaN Care 1,800g,China (Cross-border),预防性召回：蜡样芽孢杆菌代谢物风险 (Cereulide),雀巢中国官方公告,https://www.cfs.gov.hk/english/press/20260110_12105.html,False
530000017Y,Nestlé Nutrition,Global Series Alert,800g,Global (Cross-region),International Precautionary Alert: Cereulide toxin risk,Global Health Authorities / Nestlé International,https://www.food.gov.uk/news-alerts/alert/fsa-prin-02-2026,True
530010017Y,Nestlé Nutrition,Global Series Alert,800g,Global (Cross-region),International Precautionary Alert: Cereulide toxin risk,Global Health Authorities / Nestlé International,https://www.food.gov.uk/news-alerts/alert/fsa-prin-02-2026,True
530020017Y,Nestlé Nutrition,Global Series Alert,800g,Global (Cross-region),International Precautionary Alert: Cereulide toxin risk,Global Health Authorities / Nestlé International,https://www.food.gov.uk/news-alerts/alert/fsa-prin-02-2026,True
530030017Y,Nestlé Nutrition,Global Series Alert,800g,Global (Cross-region),International Precautionary Alert: Cereulide toxin risk,Global Health Authorities / Nestlé International,https://www.food.gov.uk/news-alerts/alert/fsa-prin-02-2026,True
530040017Y,Nestlé Nutrition,Global Series Alert,800g,Global (Cross-region),International Precautionary Alert: Cereulide toxin risk,Global Health Authorities / Nestlé International,https://www.food.gov.uk/news-alerts/alert/fsa-prin-02-2026,True
530050017Y,Nestlé Nutrition,Global Series Alert,800g,Global (Cross-region),International Precautionary Alert: Cereulide toxin risk,Global Health Authorities / Nestlé International,https://www.food.gov.uk/news-alerts/alert/fsa-prin-02-2026,True
530060017Y,Nestlé Nutrition,Global Series Alert,800g,Global (Cross-region),International Precautionary Alert: Cereulide toxin risk,Global Health Authorities / Nestlé International,https://www.food.gov.uk/news-alerts/alert/fsa-prin-02-2026,True
530070017Y,Nestlé Nutrition,Global Series Alert,800g,Global (Cross-region),International Precautionary Alert: Cereulide toxin risk,Global Health Authorities / Nestlé International,https://www.food.gov.uk/news-alerts/alert/fsa-prin-02-2026,True
530080017Y,Nestlé Nutrition,Global Series Alert,800g,Global (Cross-region),International Precautionary Alert: Cereulide toxin risk,Global Health Authorities / Nestlé International,https://www.food.gov.uk/news-alerts/alert/fsa-prin-02-2026,True
530090017Y,Nestlé Nutrition,Global Series Alert,800g,Global (Cross-region),International Precautionary Alert: Cereulide toxin risk,Global Health Authorities / Nestlé International,https://www.food.gov.uk/news-alerts/alert/fsa-prin-02-2026,True
530100017Y,Nestlé Nutrition,Global Series Alert,800g,Global (Cross-region),International Precautionary Alert: Cereulide toxin risk,Global Health Authorities / Nestlé International,https://www.food.gov.uk/news-alerts/alert/fsa-prin-02-2026,True
530110017Y,Nestlé Nutrition,Global Series Alert,800g,Global (Cross-region),International Precautionary Alert: Cereulide toxin risk,Global Health Authorities / Nestlé International,https://www.food.gov.uk/news-alerts/alert/fsa-prin-02-2026,True
530120017Y,Nestlé Nutrition,Global Series Alert,800g,Global (Cross-region),International Precautionary Alert: Cereulide toxin risk,Global Health Authorities / Nestlé International,https://www.food.gov.uk/news-alerts/alert/fsa-prin-02-2026,True
530130017Y,Nestlé Nutrition,Global Series Alert,800g,Global (Cross-region),International Precautionary Alert: Cereulide toxin risk,Global Health Authorities / Nestlé International,https://www.food.gov.uk/news-alerts/alert/fsa-prin-02-2026,True
530140017Y,Nestlé Nutrition,Global Series Alert,800g,Global (Cross-region),International Precautionary Alert: Cereulide toxin risk,Global Health Authorities / Nestlé International,https://www.food.gov.uk/news-alerts/alert/fsa-prin-02-2026,True
530150017Y,Nestlé Nutrition,Global Series Alert,800g,Global (Cross-region),International Precautionary Alert: Cereulide toxin risk,Global Health Authorities / Nestlé International,https://www.food.gov.uk/news-alerts/alert/fsa-prin-02-2026,True
530160017Y,Nestlé Nutrition,Global Series Alert,800g,Global (Cross-region),International Precautionary Alert: Cereulide toxin risk,Global Health Authorities / Nestlé International,https://www.food.gov.uk/news-alerts/alert/fsa-prin-02-2026,True
530170017Y,Nestlé Nutrition,Global Series Alert,800g,Global (Cross-region),International Precautionary Alert: Cereulide toxin risk,Global Health Authorities / Nestlé International,https://www.food.gov.uk/news-alerts/alert/fsa-prin-02-2026,True
530180017Y,Nestlé Nutrition,Global Series Alert,800g,Global (Cross-region),International Precautionary Alert: Cereulide toxin risk,Global Health Authorities / Nestlé International,https://www.food.gov.uk/news-alerts/alert/fsa-prin-02-2026,True
530190017Y,Nestlé Nutrition,Global Series Alert,800g,Global (Cross-region),International Precautionary Alert: Cereulide toxin risk,Global Health Authorities / Nestlé International,https://www.food.gov.uk/news-alerts/alert/fsa-prin-02-2026,True
530200017Y,Nestlé Nutrition,Global Series Alert,800g,Global (Cross-region),International Precautionary Alert: Cereulide toxin risk,Global Health Authorities / Nestlé International,https://www.food.gov.uk/news-alerts/alert/fsa-prin-02-2026,True
530210017Y,Nestlé Nutrition,Global Series Alert,800g,Global (Cross-region),International Precautionary Alert: Cereulide toxin risk,Global Health Authorities / Nestlé International,https://www.food.gov.uk/news-alerts/alert/fsa-prin-02-2026,True
530220017Y,Nestlé Nutrition,Global Series Alert,800g,Global (Cross-region),International Precautionary Alert: Cereulide toxin risk,Global Health Authorities / Nestlé International,https://www.food.gov.uk/news-alerts/alert/fsa-prin-02-2026,True
530230017Y,Nestlé Nutrition,Global Series Alert,800g,Global (Cross-region),International Precautionary Alert: Cereulide toxin risk,Global Health Authorities / Nestlé International,https://www.food.gov.uk/news-alerts/alert/fsa-prin-02-2026,True
530240017Y,Nestlé Nutrition,Global Series Alert,800g,Global (Cross-region),International Precautionary Alert: Cereulide toxin risk,Global Health Authorities / Nestlé International,https://www.food.gov.uk/news-alerts/alert/fsa-prin-02-2026,True
53030017C2,NAN,NaN Care 4,800g,China (Cross-border),预防性召回：蜡样芽孢杆菌代谢物风险 (Cereulide),雀巢中国官方公告,https://www.cfs.gov.hk/english/press/20260110_12105.html,False
53030295M,SMA,SMA First Milk 200ml,200ml,United Kingdom,Precautionary recall: Possible presence of Cereulide toxin (Bacillus cereus),UK Food Standards Agency (FSA),resources/official_docs/UK_FSA_Advisory_28046.pdf,False
530311423A,Lactogen,Lactogen 3 900g,900g,China (Mainland),预防性召回：个别原材料存在蜡样芽孢杆菌代谢物（Cereulide）风险,雀巢中国官方公告 / 国家健康委备案,https://www.food.gov.uk/news-alerts/alert/fsa-prin-02-2026,False
530311423B,Lactogen,Lactogen 3 900g,900g,China (Mainland),预防性召回：个别原材料存在蜡样芽孢杆菌代谢物（Cereulide）风险,雀巢中国官方公告 / 国家健康委备案,https://www.food.gov.uk/news-alerts/alert/fsa-prin-02-2026,False
53070742F1,NAN,NaN Care 2,800g,China (Cross-border),预防性召回：蜡样芽孢杆菌代谢物风险 (Cereulide),雀巢中国官方公告,https://www.cfs.gov.hk/english/press/20260110_12105.html,False
531000017Y,Nestlé Nutrition,Global Series Alert,800g,Global (Cross-region),International Precautionary Alert: Cereulide toxin risk,Global Health Authorities / Nestlé International,https://www.food.gov.uk/news-alerts/alert/fsa-prin-02-2026,True
53100017Y3,SMA,SMA Alfamino 400g,400g,United Kingdom,Precautionary recall: Possible presence of Cereulide toxin (Bacillus cereus),UK Food Standards Agency (FSA),resources/official_docs/UK_FSA_Advisory_28046.pdf,False
531010017Y,Nestlé Nutrition,Global Series Alert,800g,Global (Cross-region),International Precautionary Alert: Cereulide toxin risk,Global Health Authorities / Nestlé International,https://www.food.gov.uk/news-alerts/alert/fsa-prin-02-2026,True
531020017Y,Nestlé Nutrition,Global Series Alert,800g,Global (Cross-region),International Precautionary Alert: Cereulide toxin risk,Global Health Authorities / Nestlé International,https://www.food.gov.uk/news-alerts/alert/fsa-prin-02-2026,True
531030017Y,Nestlé Nutrition,Global Series Alert,800g,Global (Cross-region),International Precautionary Alert: Cereulide toxin risk,Global Health Authorities / Nestlé International,https://www.food.gov.uk/news-alerts/alert/fsa-prin-02-2026,True
531040017Y,Nestlé Nutrition,Global Series Alert,800g,Global (Cross-region),International Precautionary Alert: Cereulide toxin risk,Global Health Authorities / Nestlé International,https://www.food.gov.uk/news-alerts/alert/fsa-prin-02-2026,True
531050017Y,Nestlé Nutrition,Global Series Alert,800g,Global (Cross-region),International Precautionary Alert: Cereulide toxin risk,Global Health Authorities / Nestlé International,https://www.food.gov.uk/news-alerts/alert/fsa-prin-02-2026,True
531060017Y,Nestlé Nutrition,Global Series Alert,800g,Global (Cross-region),International Precautionary Alert: Cereulide toxin risk,Global Health Authorities / Nestlé International,https://www.food.gov.uk/news-alerts/alert/fsa-prin-02-2026,True
531070017Y,Nestlé Nutrition,Global Series Alert,800g,Global (Cross-region),International Precautionary Alert: Cereulide toxin risk,Global Health Authorities / Nestlé International,https://www.food.gov.uk/news-alerts/alert/fsa-prin-02-2026,True
531080017Y,Nestlé Nutrition,Global Series Alert,800g,Global (Cross-region),International Precautionary Alert: Cereulide toxin risk,Global Health Authorities / Nestlé International,https://www.food.gov.uk/news-alerts/alert/fsa-prin-02-2026,True
531090017Y,Nestlé Nutrition,Global Series Alert,800g,Global (Cross-region),International Precautionary Alert: Cereulide toxin risk,Global Health Authorities / Nestlé International,https://www.food.gov.uk/news-alerts/alert/fsa-prin-02-2026,True
531100017Y,Nestlé Nutrition,Global Series Alert,800g,Global (Cross-region),International Precautionary Alert: Cereulide toxin risk,Global Health Authorities / Nestlé International,https://www.food.gov.uk/news-alerts/alert/fsa-prin-02-2026,True
53110017Y1,SMA,SMA Alfamino 400g,400g,United Kingdom,Precautionary recall: Possible presence of Cereulide toxin (Bacillus cereus),UK Food Standards Agency (FSA),resources/official_docs/UK_FSA_Advisory_28046.pdf,False
531110017Y,Nestlé Nutrition,Global Series Alert,800g,Global (Cross-region),International Precautionary Alert: Cereulide toxin risk,Global Health Authorities / Nestlé International,https://www.food.gov.uk/news-alerts/alert/fsa-prin-02-2026,True
531120017Y,Nestlé Nutrition,Global Series Alert,800g,Global (Cross-region),International Precautionary Alert: Cereulide toxin risk,Global Health Authorities / Nestlé International,https://www.food.gov.uk/news-alerts/alert/fsa-prin-02-2026,True
531130017Y,Nestlé Nutrition,Global Series Alert,800g,Global (Cross-region),International Precautionary Alert: Cereulide toxin risk,Global Health Authorities / Nestlé International,https://www.food.gov.uk/news-alerts/alert/fsa-prin-02-2026,True
531140017Y,Nestlé Nutrition,Global Series Alert,800g,Global (Cross-region),International Precautionary Alert: Cereulide toxin risk,Global Health Authorities / Nestlé International,https://www.food.gov.uk/news-alerts/alert/fsa-prin-02-2026,True
531150017Y,Nestlé Nutrition,Global Series Alert,800g,Global (Cross-region),International Precautionary Alert: Cereulide toxin risk,Global Health Authorities / Nestlé International,https://www.food.gov.uk/news-alerts/alert/fsa-prin-02-2026,True
531160017Y,Nestlé Nutrition,Global Series Alert,800g,Global (Cross-region),International Precautionary Alert: Cereulide toxin risk,Global Health Authorities / Nestlé International,https://www.food.gov.uk/news-alerts/alert/fsa-prin-02-2026,True
531170017Y,Nestlé Nutrition,Global Series Alert,800g,Global (Cross-region),International Precautionary Alert: Cereulide toxin risk,Global Health Authorities / Nestlé International,https://www.food.gov.uk/news-alerts/alert/fsa-prin-02-2026,True
531180017Y,Nestlé Nutrition,Global Series Alert,800g,Global (Cross-region),International Precautionary Alert: Cereulide toxin risk,Global Health Authorities / Nestlé International,https://www.food.gov.uk/news-alerts/alert/fsa-prin-02-2026,True
531190017Y,Nestlé Nutrition,Global Series Alert,800g,Global (Cross-region),International Precautionary Alert: Cereulide toxin risk,Global Health Authorities / Nestlé International,https://www.food.gov.uk/news-alerts/alert/fsa-prin-02-2026,True
531200017Y,Nestlé Nutrition,Global Series Alert,800g,Global (Cross-region),International Precautionary Alert: Cereulide toxin risk,Global Health Authorities / Nestlé International,https://www.food.gov.uk/news-alerts/alert/fsa-prin-02-2026,True
531210017Y,Nestlé Nutrition,Global Series Alert,800g,Global (Cross-region),International Precautionary Alert: Cereulide toxin risk,Global Health Authorities / Nestlé International,https://www.food.gov.uk/news-alerts/alert/fsa-prin-02-2026,True
531220017Y,Nestlé Nutrition,Global Series Alert,800g,Global (Cross-region),International Precautionary Alert: Cereulide toxin risk,Global Health Authorities / Nestlé International,https://www.food.gov.uk/news-alerts/alert/fsa-prin-02-2026,True
531230017Y,Nestlé Nutrition,Global Series Alert,800g,Global (Cross-region),International Precautionary Alert: Cereulide toxin risk,Global Health Authorities / Nestlé International,https://www.food.gov.uk/news-alerts/alert/fsa-prin-02-2026,True
531240017Y,Nestlé Nutrition,Global Series Alert,800g,Global (Cross-region),International Precautionary Alert: Cereulide toxin risk,Global Health Authorities / Nestlé International,https://www.food.gov.uk/news-alerts/alert/fsa-prin-02-2026,True
53140017Y1,SMA,SMA Alfamino 400g,400g,United Kingdom,Precautionary recall: Possible presence of Cereulide toxin (Bacillus cereus),UK Food Standards Agency (FSA),resources/official_docs/UK_FSA_Advisory_28046.pdf,False
53150017Y1,SMA,SMA Alfamino 400g,400g,United Kingdom,Precautionary recall: Possible presence of Cereulide toxin (Bacillus cereus),UK Food Standards Agency (FSA),resources/official_docs/UK_FSA_Advisory_28046.pdf,False
53160742C1,BEBA,BEBA Supreme 2 200ml,200ml,China (Cross-border),预防性召回：蜡样芽孢杆菌代谢物风险 (Cereulide),雀巢中国官方公告,https://www.cfs.gov.hk/english/press/20260110_12105.html,False
53170742B1,SMA,SMA First Milk 70ml,70ml,United Kingdom,Precautionary recall: Possible presence of Cereulide toxin (Bacillus cereus),UK Food Standards Agency (FSA),resources/official_docs/UK_FSA_Advisory_28046.pdf,False
53180295M,Guigoz,Guigoz 1 6x230ml,6x230ml,France,Rappel de précaution : Présence potentielle de toxin (Céréulide),Rappel Conso (Gouvernement Français),resources/official_docs/FR_Rappel_Conso_20947.pdf,False
532000017Y,Nestlé Nutrition,Global Series Alert,800g,Global (Cross-region),International Precautionary Alert: Cereulide toxin risk,Global Health Authorities / Nestlé International,https://www.food.gov.uk/news-alerts/alert/fsa-prin-02-2026,True
532010017Y,Nestlé Nutrition,Global Series Alert,800g,Global (Cross-region),International Precautionary Alert: Cereulide toxin risk,Global Health Authorities / Nestlé International,https://www.food.gov.uk/news-alerts/alert/fsa-prin-02-2026,True
532020017Y,Nestlé Nutrition,Global Series Alert,800g,Global (Cross-region),International Precautionary Alert: Cereulide toxin risk,Global Health Authorities / Nestlé International,https://www.food.gov.uk/news-alerts/alert/fsa-prin-02-2026,True
532030017Y,Nestlé Nutrition,Global Series Alert,800g,Global (Cross-region),International Precautionary Alert: Cereulide toxin risk,Global Health Authorities / Nestlé International,https://www.food.gov.uk/news-alerts/alert/fsa-prin-02-2026,True
532040017Y,Nestlé Nutrition,Global Series Alert,800g,Global (Cross-region),International Precautionary Alert: Cereulide toxin risk,Global Health Authorities / Nestlé International,https://www.food.gov.uk/news-alerts/alert/fsa-prin-02-2026,True
532050017Y,Nestlé Nutrition,Global Series Alert,800g,Global (Cross-region),International Precautionary Alert: Cereulide toxin risk,Global Health Authorities / Nestlé International,https://www.food.gov.uk/news-alerts/alert/fsa-prin-02-2026,True
532060017Y,Nestlé Nutrition,Global Series Alert,800g,Global (Cross-region),International Precautionary Alert: Cereulide toxin risk,Global Health Authorities / Nestlé International,https://www.food.gov.uk/news-alerts/alert/fsa-prin-02-2026,True
532070017Y,Nestlé Nutrition,Global Series Alert,800g,Global (Cross-region),International Precautionary Alert: Cereulide toxin risk,Global Health Authorities / Nestlé International,https://www.food.gov.uk/news-alerts/alert/fsa-prin-02-2026,True
532080017Y,Nestlé Nutrition,Global Series Alert,800g,Global (Cross-region),International Precautionary Alert: Cereulide toxin risk,Global Health Authorities / Nestlé International,https://www.food.gov.uk/news-alerts/alert/fsa-prin-02-2026,True
532090017Y,Nestlé Nutrition,Global Series Alert,800g,Global (Cross-region),International Precautionary Alert: Cereulide toxin risk,Global Health Authorities / Nestlé International,https://www.food.gov.uk/news-alerts/alert/fsa-prin-02-2026,True
532100017Y,Nestlé Nutrition,Global Series Alert,800g,Global (Cross-region),International Precautionary Alert: Cereulide toxin risk,Global Health Authorities / Nestlé International,https://www.food.gov.uk/news-alerts/alert/fsa-prin-02-2026,True
53210742D1,BEBA,BEBA Supreme 3 200ml,200ml,China (Cross-border),预防性召回：蜡样芽孢杆菌代谢物风险 (Cereulide),雀巢中国官方公告,https://www.cfs.gov.hk/english/press/20260110_12105.html,False
532110017Y,Nestlé Nutrition,Global Series Alert,800g,Global (Cross-region),International Precautionary Alert: Cereulide toxin risk,Global Health Authorities / Nestlé International,https://www.food.gov.uk/news-alerts/alert/fsa-prin-02-2026,True
532120017Y,Nestlé Nutrition,Global Series Alert,800g,Global (Cross-region),International Precautionary Alert: Cereulide toxin risk,Global Health Authorities / Nestlé International,https://www.food.gov.uk/news-alerts/alert/fsa-prin-02-2026,True
532130017Y,Nestlé Nutrition,Global Series Alert,800g,Global (Cross-region),International Precautionary Alert: Cereulide toxin risk,Global Health Authorities / Nestlé International,https://www.food.gov.uk/news-alerts/alert/fsa-prin-02-2026,True
532140017Y,Nestlé Nutrition,Global Series Alert,800g,Global (Cross-region),International Precautionary Alert: Cereulide toxin risk,Global Health Authorities / Nestlé International,https://www.food.gov.uk/news-alerts/alert/fsa-prin-02-2026,True
532150017Y,Nestlé Nutrition,Global Series Alert,800g,Global (Cross-region),International Precautionary Alert: Cereulide toxin risk,Global Health Authorities / Nestlé International,https://www.food.gov.uk/news-alerts/alert/fsa-prin-02-2026,True
532160017Y,Nestlé Nutrition,Global Series Alert,800g,Global (Cross-region),International Precautionary Alert: Cereulide toxin risk,Global Health Authorities / Nestlé International,https://www.food.gov.uk/news-alerts/alert/fsa-prin-02-2026,True
532170017Y,Nestlé Nutrition,Global Series Alert,800g,Global (Cross-region),International Precautionary Alert: Cereulide toxin risk,Global Health Authorities / Nestlé International,https://www.food.gov.uk/news-alerts/alert/fsa-prin-02-2026,True
532180017Y,Nestlé Nutrition,Global Series Alert,800g,Global (Cross-region),International Precautionary Alert: Cereulide toxin risk,Global Health Authorities / Nestlé International,https://www.food.gov.uk/news-alerts/alert/fsa-prin-02-2026,True
532190017Y,Nestlé Nutrition,Global Series Alert,800g,Global (Cross-region),International Precautionary Alert: Cereulide toxin risk,Global Health Authorities / Nestlé International,https://www.food.gov.uk/news-alerts/alert/fsa-prin-02-2026,True
532200017Y,Nestlé Nutrition,Global Series Alert,800g,Global (Cross-region),International Precautionary Alert: Cereulide toxin risk,Global Health Authorities / Nestlé International,https://www.food.gov.uk/news-alerts/alert/fsa-prin-02-2026,True
532210017Y,Nestlé Nutrition,Global Series Alert,800g,Global (Cross-region),International Precautionary Alert: Cereulide toxin risk,Global Health Authorities / Nestlé International,https://www.food.gov.uk/news-alerts/alert/fsa-prin-02-2026,True
532220017Y,Nestlé Nutrition,Global Series Alert,800g,Global (Cross-region),International Precautionary Alert: Cereulide toxin risk,Global Health Authorities / Nestlé International,https://www.food.gov.uk/news-alerts/alert/fsa-prin-02-2026,True
532230017Y,Nestlé Nutrition,Global Series Alert,800g,Global (Cross-region),International Precautionary Alert: Cereulide toxin risk,Global Health Authorities / Nestlé International,https://www.food.gov.uk/news-alerts/alert/fsa-prin-02-2026,True
532240017Y,Nestlé Nutrition,Global Series Alert,800g,Global (Cross-region),International Precautionary Alert: Cereulide toxin risk,Global Health Authorities / Nestlé International,https://www.food.gov.uk/news-alerts/alert/fsa-prin-02-2026,True
533000017Y,Nestlé Nutrition,Global Series Alert,800g,Global (Cross-region),International Precautionary Alert: Cereulide toxin risk,Global Health Authorities / Nestlé International,https://www.food.gov.uk/news-alerts/alert/fsa-prin-02-2026,True
533001896A,Nestlé Nutrition,NAN Optipro 6-12mo 600g,600g,Philippines,Voluntary Recall: Detection of low levels of cereulide in a raw material,Philippines FDA Advisory No.2026-0030,https://www.fda.gov.ph/fda-advisory-no-2026-0030-voluntary-recall-of-nan-optipro-and-nankid-optipro-products/,False
53300742F1,Guigoz,Guigoz 1 6x230ml,6x230ml,France,Rappel de précaution : Présence potentielle de toxin (Céréulide),Rappel Conso (Gouvernement Français),resources/official_docs/FR_Rappel_Conso_20947.pdf,False
5330080661,S-26,S-26 AR Gold Kuwait 400g,400g,Middle East (MENA),Precautionary verification: Quality concern related to raw material,Nestlé MENA Official Release,https://www.food.gov.uk/news-alerts/alert/fsa-prin-02-2026,False
533010017Y,Nestlé Nutrition,Global Series Alert,800g,Global (Cross-region),International Precautionary Alert: Cereulide toxin risk,Global Health Authorities / Nestlé International,https://www.food.gov.uk/news-alerts/alert/fsa-prin-02-2026,True
533020017Y,Nestlé Nutrition,Global Series Alert,800g,Global (Cross-region),International Precautionary Alert: Cereulide toxin risk,Global Health Authorities / Nestlé International,https://www.food.gov.uk/news-alerts/alert/fsa-prin-02-2026,True
533030017Y,Nestlé Nutrition,Global Series Alert,800g,Global (Cross-region),International Precautionary Alert: Cereulide toxin risk,Global Health Authorities / Nestlé International,https://www.food.gov.uk/news-alerts/alert/fsa-prin-02-2026,True
533040017Y,Nestlé Nutrition,Global Series Alert,800g,Global (Cross-region),International Precautionary Alert: Cereulide toxin risk,Global Health Authorities / Nestlé International,https://www.food.gov.uk/news-alerts/alert/fsa-prin-02-2026,True
533050017Y,Nestlé Nutrition,Global Series Alert,800g,Global (Cross-region),International Precautionary Alert: Cereulide toxin risk,Global Health Authorities / Nestlé International,https://www.food.gov.uk/news-alerts/alert/fsa-prin-02-2026,True
533060017Y,Nestlé Nutrition,Global Series Alert,800g,Global (Cross-region),International Precautionary Alert: Cereulide toxin risk,Global Health Authorities / Nestlé International,https://www.food.gov.uk/news-alerts/alert/fsa-prin-02-2026,True
533070017Y,Nestlé Nutrition,Global Series Alert,800g,Global (Cross-region),International Precautionary Alert: Cereulide toxin risk,Global Health Authorities / Nestlé International,https://www.food.gov.uk/news-alerts/alert/fsa-prin-02-2026,True
533080017Y,Nestlé Nutrition,Global Series Alert,800g,Global (Cross-region),International Precautionary Alert: Cereulide toxin risk,Global Health Authorities / Nestlé International,https://www.food.gov.uk/news-alerts/alert/fsa-prin-02-2026,True
533090017Y,Nestlé Nutrition,Global Series Alert,800g,Global (Cross-region),International Precautionary Alert: Cereulide toxin risk,Global Health Authorities / Nestlé International,https://www.food.gov.uk/news-alerts/alert/fsa-prin-02-2026,True
533100017Y,Nestlé Nutrition,Global Series Alert,800g,Global (Cross-region),International Precautionary Alert: Cereulide toxin risk,Global Health Authorities / Nestlé International,https://www.food.gov.uk/news-alerts/alert/fsa-prin-02-2026,True
533110017Y,Nestlé Nutrition,Global Series Alert,800g,Global (Cross-region),International Precautionary Alert: Cereulide toxin risk,Global Health Authorities / Nestlé International,https://www.food.gov.uk/news-alerts/alert/fsa-prin-02-2026,True
533120017Y,Nestlé Nutrition,Global Series Alert,800g,Global (Cross-region),International Precautionary Alert: Cereulide toxin risk,Global Health Authorities / Nestlé International,https://www.food.gov.uk/news-alerts/alert/fsa-prin-02-2026,True
533130017Y,Nestlé Nutrition,Global Series Alert,800g,Global (Cross-region),International Precautionary Alert: Cereulide toxin risk,Global Health Authorities / Nestlé International,https://www.food.gov.uk/news-alerts/alert/fsa-prin-02-2026,True
533140017Y,Nestlé Nutrition,Global Series Alert,800g,Global (Cross-region),International Precautionary Alert: Cereulide toxin risk,Global Health Authorities / Nestlé International,https://www.food.gov.uk/news-alerts/alert/fsa-prin-02-2026,True
533150017Y,Nestlé Nutrition,Global Series Alert,800g,Global (Cross-region),International Precautionary Alert: Cereulide toxin risk,Global Health Authorities / Nestlé International,https://www.food.gov.uk/news-alerts/alert/fsa-prin-02-2026,True
533160017Y,Nestlé Nutrition,Global Series Alert,800g,Global (Cross-region),International Precautionary Alert: Cereulide toxin risk,Global Health Authorities / Nestlé International,https://www.food.gov.uk/news-alerts/alert/fsa-prin-02-2026,True
533170017Y,Nestlé Nutrition,Global Series Alert,800g,Global (Cross-region),International Precautionary Alert: Cereulide toxin risk,Global Health Authorities / Nestlé International,https://www.food.gov.uk/news-alerts/alert/fsa-prin-02-2026,True
533180017Y,Nestlé Nutrition,Global Series Alert,800g,Global (Cross-region),International Precautionary Alert: Cereulide toxin risk,Global Health Authorities / Nestlé International,https://www.food.gov.uk/news-alerts/alert/fsa-prin-02-2026,True
533190017Y,Nestlé Nutrition,Global Series Alert,800g,Global (Cross-region),International Precautionary Alert: Cereulide toxin risk,Global Health Authorities / Nestlé International,https://www.food.gov.uk/news-alerts/alert/fsa-prin-02-2026,True
533200017Y,Nestlé Nutrition,Global Series Alert,800g,Global (Cross-region),International Precautionary Alert: Cereulide toxin risk,Global Health Authorities / Nestlé International,https://www.food.gov.uk/news-alerts/alert/fsa-prin-02-2026,True
533210017Y,Nestlé Nutrition,Global Series Alert,800g,Global (Cross-region),International Precautionary Alert: Cereulide toxin risk,Global Health Authorities / Nestlé International,https://www.food.gov.uk/news-alerts/alert/fsa-prin-02-2026,True
533220017Y,Nestlé Nutrition,Global Series Alert,800g,Global (Cross-region),International Precautionary Alert: Cereulide toxin risk,Global Health Authorities / Nestlé International,https://www.food.gov.uk/news-alerts/alert/fsa-prin-02-2026,True
533230017Y,Nestlé Nutrition,Global Series Alert,800g,Global (Cross-region),International Precautionary Alert: Cereulide toxin risk,Global Health Authorities / Nestlé International,https://www.food.gov.uk/news-alerts/alert/fsa-prin-02-2026,True
533240017Y,Nestlé Nutrition,Global Series Alert,800g,Global (Cross-region),International Precautionary Alert: Cereulide toxin risk,Global Health Authorities / Nestlé International,https://www.food.gov.uk/news-alerts/alert/fsa-prin-02-2026,True
53350742D1,BEBA,BEBA Supreme 3 200ml,200ml,China (Cross-border),预防性召回：蜡样芽孢杆菌代谢物风险 (Cereulide),雀巢中国官方公告,https://www.cfs.gov.hk/english/press/20260110_12105.html,False
53360742C1,BEBA,BEBA Supreme 2 200ml,200ml,China (Cross-border),预防性召回：蜡样芽孢杆菌代谢物风险 (Cereulide),雀巢中国官方公告,https://www.cfs.gov.hk/english/press/20260110_12105.html,False
534000017Y,Nestlé Nutrition,Global Series Alert,800g,Global (Cross-region),International Precautionary Alert: Cereulide toxin risk,Global Health Authorities / Nestlé International,https://www.food.gov.uk/news-alerts/alert/fsa-prin-02-2026,True
534010017Y,Nestlé Nutrition,Global Series Alert,800g,Global (Cross-region),International Precautionary Alert: Cereulide toxin risk,Global Health Authorities / Nestlé International,https://www.food.gov.uk/news-alerts/alert/fsa-prin-02-2026,True
534020017Y,Nestlé Nutrition,Global Series Alert,800g,Global (Cross-region),International Precautionary Alert: Cereulide toxin risk,Global Health Authorities / Nestlé International,https://www.food.gov.uk/news-alerts/alert/fsa-prin-02-2026,True
534030017Y,Nestlé Nutrition,Global Series Alert,800g,Global (Cross-region),International Precautionary Alert: Cereulide toxin risk,Global Health Authorities / Nestlé International,https://www.food.gov.uk/news-alerts/alert/fsa-prin-02-2026,True
534040017Y,Nestlé Nutrition,Global Series Alert,800g,Global (Cross-region),International Precautionary Alert: Cereulide toxin risk,Global Health Authorities / Nestlé International,https://www.food.gov.uk/news-alerts/alert/fsa-prin-02-2026,True
534050017Y,Nestlé Nutrition,Global Series Alert,800g,Global (Cross-region),International Precautionary Alert: Cereulide toxin risk,Global Health Authorities / Nestlé International,https://www.food.gov.uk/news-alerts/alert/fsa-prin-02-2026,True
534060017Y,Nestlé Nutrition,Global Series Alert,800g,Global (Cross-region),International Precautionary Alert: Cereulide toxin risk,Global Health Authorities / Nestlé International,https://www.food.gov.uk/news-alerts/alert/fsa-prin-02-2026,True
534070017Y,Nestlé Nutrition,Global Series Alert,800g,Global (Cross-region),International Precautionary Alert: Cereulide toxin risk,Global Health Authorities / Nestlé International,https://www.food.gov.uk/news-alerts/alert/fsa-prin-02-2026,True
534080017Y,Nestlé Nutrition,Global Series Alert,800g,Global (Cross-region),International Precautionary Alert: Cereulide toxin risk,Global Health Authorities / Nestlé International,https://www.food.gov.uk/news-alerts/alert/fsa-prin-02-2026,True
534090017Y,Nestlé Nutrition,Global Series Alert,800g,Global (Cross-region),International Precautionary Alert: Cereulide toxin risk,Global Health Authorities / Nestlé International,https://www.food.gov.uk/news-alerts/alert/fsa-prin-02-2026,True
534100017Y,Nestlé Nutrition,Global Series Alert,800g,Global (Cross-region),International Precautionary Alert: Cereulide toxin risk,Global Health Authorities / Nestlé International,https://www.food.gov.uk/news-alerts/alert/fsa-prin-02-2026,True
534110017Y,Nestlé Nutrition,Global Series Alert,800g,Global (Cross-region),International Precautionary Alert: Cereulide toxin risk,Global Health Authorities / Nestlé International,https://www.food.gov.uk/news-alerts/alert/fsa-prin-02-2026,True
534120017Y,Nestlé Nutrition,Global Series Alert,800g,Global (Cross-region),International Precautionary Alert: Cereulide toxin risk,Global Health Authorities / Nestlé International,https://www.food.gov.uk/news-alerts/alert/fsa-prin-02-2026,True
534130017Y,Nestlé Nutrition,Global Series Alert,800g,Global (Cross-region),International Precautionary Alert: Cereulide toxin risk,Global Health Authorities / Nestlé International,https://www.food.gov.uk/news-alerts/alert/fsa-prin-02-2026,True
534140017Y,Nestlé Nutrition,Global Series Alert,800g,Global (Cross-region),International Precautionary Alert: Cereulide toxin risk,Global Health Authorities / Nestlé International,https://www.food.gov.uk/news-alerts/alert/fsa-prin-02-2026,True
534150017Y,Nestlé Nutrition,Global Series Alert,800g,Global (Cross-region),International Precautionary Alert: Cereulide toxin risk,Global Health Authorities / Nestlé International,https://www.food.gov.uk/news-alerts/alert/fsa-prin-02-2026,True
534160017Y,Nestlé Nutrition,Global Series Alert,800g,Global (Cross-region),International Precautionary Alert: Cereulide toxin risk,Global Health Authorities / Nestlé International,https://www.food.gov.uk/news-alerts/alert/fsa-prin-02-2026,True
534170017Y,Nestlé Nutrition,Global Series Alert,800g,Global (Cross-region),International Precautionary Alert: Cereulide toxin risk,Global Health Authorities / Nestlé International,https://www.food.gov.uk/news-alerts/alert/fsa-prin-02-2026,True
534180017Y,Nestlé Nutrition,Global Series Alert,800g,Global (Cross-region),International Precautionary Alert: Cereulide toxin risk,Global Health Authorities / Nestlé International,https://www.food.gov.uk/news-alerts/alert/fsa-prin-02-2026,True
534190017Y,Nestlé Nutrition,Global Series Alert,800g,Global (Cross-region),International Precautionary Alert: Cereulide toxin risk,Global Health Authorities / Nestlé International,https://www.food.gov.uk/news-alerts/alert/fsa-prin-02-2026,True
534200017Y,Nestlé Nutrition,Global Series Alert,800g,Global (Cross-region),International Precautionary Alert: Cereulide toxin risk,Global Health Authorities / Nestlé International,https://www.food.gov.uk/news-alerts/alert/fsa-prin-02-2026,True
534210017Y,Nestlé Nutrition,Global Series Alert,800g,Global (Cross-region),International Precautionary Alert: Cereulide toxin risk,Global Health Authorities / Nestlé International,https://www.food.gov.uk/news-alerts/alert/fsa-prin-02-2026,True
534220017Y,Nestlé Nutrition,Global Series Alert,800g,Global (Cross-region),International Precautionary Alert: Cereulide toxin risk,Global Health Authorities / Nestlé International,https://www.food.gov.uk/news-alerts/alert/fsa-prin-02-2026,True
534230017Y,Nestlé Nutrition,Global Series Alert,800g,Global (Cross-region),International Precautionary Alert: Cereulide toxin risk,Global Health Authorities / Nestlé International,https://www.food.gov.uk/news-alerts/alert/fsa-prin-02-2026,True
534240017Y,Nestlé Nutrition,Global Series Alert,800g,Global (Cross-region),International Precautionary Alert: Cereulide toxin risk,Global Health Authorities / Nestlé International,https://www.food.gov.uk/news-alerts/alert/fsa-prin-02-2026,True
L51180346BA,BEBA,BEBA Pre 2x600g,600g,Germany,Vorsorglicher Rückruf: Mögliches Vorhandensein des Toxins Cereulid,Nestlé Deutschland / Lebensmittelwarnung.de,https://www.food.gov.uk/news-alerts/alert/fsa-prin-02-2026,False
L51200346BA,BEBA,BEBA Pre 2x600g,600g,Germany,Vorsorglicher Rückruf: Mögliches Vorhandensein des Toxins Cereulid,Nestlé Deutschland / Lebensmittelwarnung.de,https://www.food.gov.uk/news-alerts/alert/fsa-prin-02-2026,False
L51530346AB,BEBA,BEBA Pre 800g,800g,Germany,Vorsorglicher Rückruf: Mögliches Vorhandensein des Toxins Cereulid,Nestlé Deutschland / Lebensmittelwarnung.de,https://www.food.gov.uk/news-alerts/alert/fsa-prin-02-2026,False
L51660346AC,BEBA,BEBA Pre 800g,800g,Germany,Vorsorglicher Rückruf: Mögliches Vorhandensein des Toxins Cereulid,Nestlé Deutschland / Lebensmittelwarnung.de,https://www.food.gov.uk/news-alerts/alert/fsa-prin-02-2026,False
L51710346BA,BEBA,BEBA Pre 2x600g,600g,Germany,Vorsorglicher Rückruf: Mögliches Vorhandensein des Toxins Cereulid,Nestlé Deutschland / Lebensmittelwarnung.de,https://www.food.gov.uk/news-alerts/alert/fsa-prin-02-2026,False
L52000346AA,BEBA,BEBA Variety Pack 800g,800g,Germany,Vorsorglicher Rückruf: Mögliches Vorhandensein des Toxins Cereulid,Nestlé Deutschland / Lebensmittelwarnung.de,https://www.food.gov.uk/news-alerts/alert/fsa-prin-02-2026,False
L52010346AA,BEBA,BEBA Variety Pack 800g,800g,Germany,Vorsorglicher Rückruf: Mögliches Vorhandensein des Toxins Cereulid,Nestlé Deutschland / Lebensmittelwarnung.de,https://www.food.gov.uk/news-alerts/alert/fsa-prin-02-2026,False
L52020346AA,BEBA,BEBA Variety Pack 800g,800g,Germany,Vorsorglicher Rückruf: Mögliches Vorhandensein des Toxins Cereulid,Nestlé Deutschland / Lebensmittelwarnung.de,https://www.food.gov.uk/news-alerts/alert/fsa-prin-02-2026,False
L52030346AA,BEBA,BEBA Variety Pack 800g,800g,Germany,Vorsorglicher Rückruf: Mögliches Vorhandensein des Toxins Cereulid,Nestlé Deutschland / Lebensmittelwarnung.de,https://www.food.gov.uk/news-alerts/alert/fsa-prin-02-2026,False
L52040346AA,BEBA,BEBA Variety Pack 800g,800g,Germany,Vorsorglicher Rückruf: Mögliches Vorhandensein des Toxins Cereulid,Nestlé Deutschland / Lebensmittelwarnung.de,https://www.food.gov.uk/news-alerts/alert/fsa-prin-02-2026,False
L52050346AA,BEBA,BEBA Variety Pack 800g,800g,Germany,Vorsorglicher Rückruf: Mögliches Vorhandensein des Toxins Cereulid,Nestlé Deutschland / Lebensmittelwarnung.de,https://www.food.gov.uk/news-alerts/alert/fsa-prin-02-2026,False
L52060346AA,BEBA,BEBA Variety Pack 800g,800g,Germany,Vorsorglicher Rückruf: Mögliches Vorhandensein des Toxins Cereulid,Nestlé Deutschland / Lebensmittelwarnung.de,https://www.food.gov.uk/news-alerts/alert/fsa-prin-02-2026,False
L52070346AA,BEBA,BEBA Variety Pack 800g,800g,Germany,Vorsorglicher Rückruf: Mögliches Vorhandensein des Toxins Cereulid,Nestlé Deutschland / Lebensmittelwarnung.de,https://www.food.gov.uk/news-alerts/alert/fsa-prin-02-2026,False
L52080346AA,BEBA,BEBA Variety Pack 800g,800g,Germany,Vorsorglicher Rückruf: Mögliches Vorhandensein des Toxins Cereulid,Nestlé Deutschland / Lebensmittelwarnung.de,https://www.food.gov.uk/news-alerts/alert/fsa-prin-02-2026,False
L52090346AA,BEBA,BEBA Variety Pack 800g,800g,Germany,Vorsorglicher Rückruf: Mögliches Vorhandensein des Toxins Cereulid,Nestlé Deutschland / Lebensmittelwarnung.de,https://www.food.gov.uk/news-alerts/alert/fsa-prin-02-2026,False
L52100346AA,BEBA,BEBA Variety Pack 800g,800g,Germany,Vorsorglicher Rückruf: Mögliches Vorhandensein des Toxins Cereulid,Nestlé Deutschland / Lebensmittelwarnung.de,https://www.food.gov.uk/news-alerts/alert/fsa-prin-02-2026,False
L52110346AA,BEBA,BEBA Variety Pack 800g,800g,Germany,Vorsorglicher Rückruf: Mögliches Vorhandensein des Toxins Cereulid,Nestlé Deutschland / Lebensmittelwarnung.de,https://www.food.gov.uk/news-alerts/alert/fsa-prin-02-2026,False
L52120346AA,BEBA,BEBA Variety Pack 800g,800g,Germany,Vorsorglicher Rückruf: Mögliches Vorhandensein des Toxins Cereulid,Nestlé Deutschland / Lebensmittelwarnung.de,https://www.food.gov.uk/news-alerts/alert/fsa-prin-02-2026,False
L52130346AA,BEBA,BEBA Variety Pack 800g,800g,Germany,Vorsorglicher Rückruf: Mögliches Vorhandensein des Toxins Cereulid,Nestlé Deutschland / Lebensmittelwarnung.de,https://www.food.gov.uk/news-alerts/alert/fsa-prin-02-2026,False
L52140346AA,BEBA,BEBA Variety Pack 800g,800g,Germany,Vorsorglicher Rückruf: Mögliches Vorhandensein des Toxins Cereulid,Nestlé Deutschland / Lebensmittelwarnung.de,https://www.food.gov.uk/news-alerts/alert/fsa-prin-02-2026,False
L52150346AA,BEBA,BEBA Variety Pack 800g,800g,Germany,Vorsorglicher Rückruf: Mögliches Vorhandensein des Toxins Cereulid,Nestlé Deutschland / Lebensmittelwarnung.de,https://www.food.gov.uk/news-alerts/alert/fsa-prin-02-2026,False
L52160346AA,BEBA,BEBA Variety Pack 800g,800g,Germany,Vorsorglicher Rückruf: Mögliches Vorhandensein des Toxins Cereulid,Nestlé Deutschland / Lebensmittelwarnung.de,https://www.food.gov.uk/news-alerts/alert/fsa-prin-02-2026,False
L52170346AA,BEBA,BEBA Variety Pack 800g,800g,Germany,Vorsorglicher Rückruf: Mögliches Vorhandensein des Toxins Cereulid,Nestlé Deutschland / Lebensmittelwarnung.de,https://www.food.gov.uk/news-alerts/alert/fsa-prin-02-2026,False
L52180346AA,BEBA,BEBA Variety Pack 800g,800g,Germany,Vorsorglicher Rückruf: Mögliches Vorhandensein des Toxins Cereulid,Nestlé Deutschland / Lebensmittelwarnung.de,https://www.food.gov.uk/news-alerts/alert/fsa-prin-02-2026,False
L52190346AA,BEBA,BEBA Variety Pack 800g,800g,Germany,Vorsorglicher Rückruf: Mögliches Vorhandensein des Toxins Cereulid,Nestlé Deutschland / Lebensmittelwarnung.de,https://www.food.gov.uk/news-alerts/alert/fsa-prin-02-2026,False
L52200346AA,BEBA,BEBA Variety Pack 800g,800g,Germany,Vorsorglicher Rückruf: Mögliches Vorhandensein des Toxins Cereulid,Nestlé Deutschland / Lebensmittelwarnung.de,https://www.food.gov.uk/news-alerts/alert/fsa-prin-02-2026,False
L52210346AA,BEBA,BEBA Variety Pack 800g,800g,Germany,Vorsorglicher Rückruf: Mögliches Vorhandensein des Toxins Cereulid,Nestlé Deutschland / Lebensmittelwarnung.de,https://www.food.gov.uk/news-alerts/alert/fsa-prin-02-2026,False
L52220346AA,BEBA,BEBA Variety Pack 800g,800g,Germany,Vorsorglicher Rückruf: Mögliches Vorhandensein des Toxins Cereulid,Nestlé Deutschland / Lebensmittelwarnung.de,https://www.food.gov.uk/news-alerts/alert/fsa-prin-02-2026,False
L52230346AA,BEBA,BEBA Variety Pack 800g,800g,Germany,Vorsorglicher Rückruf: Mögliches Vorhandensein des Toxins Cereulid,Nestlé Deutschland / Lebensmittelwarnung.de,https://www.food.gov.uk/news-alerts/alert/fsa-prin-02-2026,False
L52240346AA,BEBA,BEBA Variety Pack 800g,800g,Germany,Vorsorglicher Rückruf: Mögliches Vorhandensein des Toxins Cereulid,Nestlé Deutschland / Lebensmittelwarnung.de,https://www.food.gov.uk/news-alerts/alert/fsa-prin-02-2026,False
L52250346AA,BEBA,BEBA Variety Pack 800g,800g,Germany,Vorsorglicher Rückruf: Mögliches Vorhandensein des Toxins Cereulid,Nestlé Deutschland / Lebensmittelwarnung.de,https://www.food.gov.uk/news-alerts/alert/fsa-prin-02-2026,False
L52260346AA,BEBA,BEBA Variety Pack 800g,800g,Germany,Vorsorglicher Rückruf: Mögliches Vorhandensein des Toxins Cereulid,Nestlé Deutschland / Lebensmittelwarnung.de,https://www.food.gov.uk/news-alerts/alert/fsa-prin-02-2026,False
L52270346AA,BEBA,BEBA Variety Pack 800g,800g,Germany,Vorsorglicher Rückruf: Mögliches Vorhandensein des Toxins Cereulid,Nestlé Deutschland / Lebensmittelwarnung.de,https://www.food.gov.uk/news-alerts/alert/fsa-prin-02-2026,False
L52280346AA,BEBA,BEBA Variety Pack 800g,800g,Germany,Vorsorglicher Rückruf: Mögliches Vorhandensein des Toxins Cereulid,Nestlé Deutschland / Lebensmittelwarnung.de,https://www.food.gov.uk/news-alerts/alert/fsa-prin-02-2026,False
L52290346AA,BEBA,BEBA Variety Pack 800g,800g,Germany,Vorsorglicher Rückruf: Mögliches Vorhandensein des Toxins Cereulid,Nestlé Deutschland / Lebensmittelwarnung.de,https://www.food.gov.uk/news-alerts/alert/fsa-prin-02-2026,False
L52300346AA,BEBA,BEBA Variety Pack 800g,800g,Germany,Vorsorglicher Rückruf: Mögliches Vorhandensein des Toxins Cereulid,Nestlé Deutschland / Lebensmittelwarnung.de,https://www.food.gov.uk/news-alerts/alert/fsa-prin-02-2026,False
L52310346AA,BEBA,BEBA Variety Pack 800g,800g,Germany,Vorsorglicher Rückruf: Mögliches Vorhandensein des Toxins Cereulid,Nestlé Deutschland / Lebensmittelwarnung.de,https://www.food.gov.uk/news-alerts/alert/fsa-prin-02-2026,False
L52320346AA,BEBA,BEBA Variety Pack 800g,800g,Germany,Vorsorglicher Rückruf: Mögliches Vorhandensein des Toxins Cereulid,Nestlé Deutschland / Lebensmittelwarnung.de,https://www.food.gov.uk/news-alerts/alert/fsa-prin-02-2026,False
L52330346AA,BEBA,BEBA Variety Pack 800g,800g,Germany,Vorsorglicher Rückruf: Mögliches Vorhandensein des Toxins Cereulid,Nestlé Deutschland / Lebensmittelwarnung.de,https://www.food.gov.uk/news-alerts/alert/fsa-prin-02-2026,False
L52340346AA,BEBA,BEBA Variety Pack 800g,800g,Germany,Vorsorglicher Rückruf: Mögliches Vorhandensein des Toxins Cereulid,Nestlé Deutschland / Lebensmittelwarnung.de,https://www.food.gov.uk/news-alerts/alert/fsa-prin-02-2026,False
L52350346AA,BEBA,BEBA Variety Pack 800g,800g,Germany,Vorsorglicher Rückruf: Mögliches Vorhandensein des Toxins Cereulid,Nestlé Deutschland / Lebensmittelwarnung.de,https://www.food.gov.uk/news-alerts/alert/fsa-prin-02-2026,False
L52360346AA,BEBA,BEBA Variety Pack 800g,800g,Germany,Vorsorglicher Rückruf: Mögliches Vorhandensein des Toxins Cereulid,Nestlé Deutschland / Lebensmittelwarnung.de,https://www.food.gov.uk/news-alerts/alert/fsa-prin-02-2026,False
L52370346AA,BEBA,BEBA Variety Pack 800g,800g,Germany,Vorsorglicher Rückruf: Mögliches Vorhandensein des Toxins Cereulid,Nestlé Deutschland / Lebensmittelwarnung.de,https://www.food.gov.uk/news-alerts/alert/fsa-prin-02-2026,False
L52380346AA,BEBA,BEBA Variety Pack 800g,800g,Germany,Vorsorglicher Rückruf: Mögliches Vorhandensein des Toxins Cereulid,Nestlé Deutschland / Lebensmittelwarnung.de,https://www.food.gov.uk/news-alerts/alert/fsa-prin-02-2026,False
L52390346AA,BEBA,BEBA Variety Pack 800g,800g,Germany,Vorsorglicher Rückruf: Mögliches Vorhandensein des Toxins Cereulid,Nestlé Deutschland / Lebensmittelwarnung.de,https://www.food.gov.uk/news-alerts/alert/fsa-prin-02-2026,False
L52400346AA,BEBA,BEBA Variety Pack 800g,800g,Germany,Vorsorglicher Rückruf: Mögliches Vorhandensein des Toxins Cereulid,Nestlé Deutschland / Lebensmittelwarnung.de,https://www.food.gov.uk/news-alerts/alert/fsa-prin-02-2026,False
L52410346AA,BEBA,BEBA Variety Pack 800g,800g,Germany,Vorsorglicher Rückruf: Mögliches Vorhandensein des Toxins Cereulid,Nestlé Deutschland / Lebensmittelwarnung.de,https://www.food.gov.uk/news-alerts/alert/fsa-prin-02-2026,False
L52420346AA,BEBA,BEBA Variety Pack 800g,800g,Germany,Vorsorglicher Rückruf: Mögliches Vorhandensein des Toxins Cereulid,Nestlé Deutschland / Lebensmittelwarnung.de,https://www.food.gov.uk/news-alerts/alert/fsa-prin-02-2026,False
L52430346AA,BEBA,BEBA Variety Pack 800g,800g,Germany,Vorsorglicher Rückruf: Mögliches Vorhandensein des Toxins Cereulid,Nestlé Deutschland / Lebensmittelwarnung.de,https://www.food.gov.uk/news-alerts/alert/fsa-prin-02-2026,False
L52440346AA,BEBA,BEBA Variety Pack 800g,800g,Germany,Vorsorglicher Rückruf: Mögliches Vorhandensein des Toxins Cereulid,Nestlé Deutschland / Lebensmittelwarnung.de,https://www.food.gov.uk/news-alerts/alert/fsa-prin-02-2026,False
L52450346AA,BEBA,BEBA Variety Pack 800g,800g,Germany,Vorsorglicher Rückruf: Mögliches Vorhandensein des Toxins Cereulid,Nestlé Deutschland / Lebensmittelwarnung.de,https://www.food.gov.uk/news-alerts/alert/fsa-prin-02-2026,False
L52460346AA,BEBA,BEBA Variety Pack 800g,800g,Germany,Vorsorglicher Rückruf: Mögliches Vorhandensein des Toxins Cereulid,Nestlé Deutschland / Lebensmittelwarnung.de,https://www.food.gov.uk/news-alerts/alert/fsa-prin-02-2026,False
L52470346AA,BEBA,BEBA Variety Pack 800g,800g,Germany,Vorsorglicher Rückruf: Mögliches Vorhandensein des Toxins Cereulid,Nestlé Deutschland / Lebensmittelwarnung.de,https://www.food.gov.uk/news-alerts/alert/fsa-prin-02-2026,False
L52480346AA,BEBA,BEBA Variety Pack 800g,800g,Germany,Vorsorglicher Rückruf: Mögliches Vorhandensein des Toxins Cereulid,Nestlé Deutschland / Lebensmittelwarnung.de,https://www.food.gov.uk/news-alerts/alert/fsa-prin-02-2026,False
L52490346AA,BEBA,BEBA Variety Pack 800g,800g,Germany,Vorsorglicher Rückruf: Mögliches Vorhandensein des Toxins Cereulid,Nestlé Deutschland / Lebensmittelwarnung.de,https://www.food.gov.uk/news-alerts/alert/fsa-prin-02-2026,False
L52590346BA,BEBA,BEBA Pre 2x600g,600g,Germany,Vorsorglicher Rückruf: Mögliches Vorhandensein des Toxins Cereulid,Nestlé Deutschland / Lebensmittelwarnung.de,https://www.food.gov.uk/news-alerts/alert/fsa-prin-02-2026,False
